{
  "configuration": {
    "drift_type": "gradual",
    "drift_point": 25000,
    "policy_type": "error_threshold",
    "error_threshold": 0.2,
    "window_size": 200,
    "budget": 20,
    "retrain_latency": 500,
    "deploy_latency": 20,
    "total_samples": 50000,
    "random_seed": 3
  },
  "performance_metrics": {
    "overall_accuracy": 0.74356,
    "pre_drift_accuracy": 0.76096,
    "post_drift_accuracy": 0.72616,
    "accuracy_drop": -0.03479999999999994
  },
  "retraining_metrics": {
    "total_retrains": 20,
    "budget_used": 20,
    "budget_total": 20,
    "budget_utilization": 1.0,
    "retrains_before_drift": 20,
    "retrains_after_drift": 0,
    "retrain_timestamps": [
      199,
      719,
      1239,
      1759,
      2279,
      2799,
      3375,
      3895,
      4415,
      4935,
      5455,
      5975,
      6495,
      7015,
      7535,
      8055,
      8575,
      9121,
      9641,
      10161
    ],
    "retrain_latency_windows": [
      [
        199,
        719
      ],
      [
        719,
        1239
      ],
      [
        1239,
        1759
      ],
      [
        1759,
        2279
      ],
      [
        2279,
        2799
      ],
      [
        2799,
        3319
      ],
      [
        3375,
        3895
      ],
      [
        3895,
        4415
      ],
      [
        4415,
        4935
      ],
      [
        4935,
        5455
      ],
      [
        5455,
        5975
      ],
      [
        5975,
        6495
      ],
      [
        6495,
        7015
      ],
      [
        7015,
        7535
      ],
      [
        7535,
        8055
      ],
      [
        8055,
        8575
      ],
      [
        8575,
        9095
      ],
      [
        9121,
        9641
      ],
      [
        9641,
        10161
      ],
      [
        10161,
        10681
      ]
    ]
  },
  "data_metrics": {
    "predictions_made": 50000,
    "total_samples": 50000
  }
}