{
  "configuration": {
    "drift_type": "abrupt",
    "drift_point": 25000,
    "policy_type": "error_threshold",
    "error_threshold": 0.2,
    "window_size": 200,
    "budget": 20,
    "retrain_latency": 500,
    "deploy_latency": 20,
    "total_samples": 50000,
    "random_seed": 3
  },
  "performance_metrics": {
    "overall_accuracy": 0.74348,
    "pre_drift_accuracy": 0.76136,
    "post_drift_accuracy": 0.7256,
    "accuracy_drop": -0.035760000000000014
  },
  "retraining_metrics": {
    "total_retrains": 20,
    "budget_used": 20,
    "budget_total": 20,
    "budget_utilization": 1.0,
    "retrains_before_drift": 20,
    "retrains_after_drift": 0,
    "retrain_timestamps": [
      199,
      719,
      1239,
      1759,
      2279,
      2818,
      3375,
      3904,
      4424,
      4944,
      5464,
      5984,
      6504,
      7024,
      7548,
      8082,
      8602,
      9158,
      9678,
      10198
    ],
    "retrain_latency_windows": [
      [
        199,
        719
      ],
      [
        719,
        1239
      ],
      [
        1239,
        1759
      ],
      [
        1759,
        2279
      ],
      [
        2279,
        2799
      ],
      [
        2818,
        3338
      ],
      [
        3375,
        3895
      ],
      [
        3904,
        4424
      ],
      [
        4424,
        4944
      ],
      [
        4944,
        5464
      ],
      [
        5464,
        5984
      ],
      [
        5984,
        6504
      ],
      [
        6504,
        7024
      ],
      [
        7024,
        7544
      ],
      [
        7548,
        8068
      ],
      [
        8082,
        8602
      ],
      [
        8602,
        9122
      ],
      [
        9158,
        9678
      ],
      [
        9678,
        10198
      ],
      [
        10198,
        10718
      ]
    ]
  },
  "data_metrics": {
    "predictions_made": 50000,
    "total_samples": 50000
  }
}