{
  "configuration": {
    "drift_type": "recurring",
    "drift_point": 25000,
    "policy_type": "error_threshold",
    "error_threshold": 0.2,
    "window_size": 200,
    "budget": 20,
    "retrain_latency": 10,
    "deploy_latency": 1,
    "total_samples": 50000,
    "random_seed": 3
  },
  "performance_metrics": {
    "overall_accuracy": 0.75688,
    "pre_drift_accuracy": 0.7638,
    "post_drift_accuracy": 0.74996,
    "accuracy_drop": -0.013840000000000074
  },
  "retraining_metrics": {
    "total_retrains": 20,
    "budget_used": 20,
    "budget_total": 20,
    "budget_utilization": 1.0,
    "retrains_before_drift": 20,
    "retrains_after_drift": 0,
    "retrain_timestamps": [
      199,
      210,
      221,
      232,
      243,
      254,
      265,
      276,
      287,
      298,
      309,
      320,
      331,
      342,
      353,
      364,
      375,
      386,
      397,
      408
    ],
    "retrain_latency_windows": [
      [
        199,
        210
      ],
      [
        210,
        221
      ],
      [
        221,
        232
      ],
      [
        232,
        243
      ],
      [
        243,
        254
      ],
      [
        254,
        265
      ],
      [
        265,
        276
      ],
      [
        276,
        287
      ],
      [
        287,
        298
      ],
      [
        298,
        309
      ],
      [
        309,
        320
      ],
      [
        320,
        331
      ],
      [
        331,
        342
      ],
      [
        342,
        353
      ],
      [
        353,
        364
      ],
      [
        364,
        375
      ],
      [
        375,
        386
      ],
      [
        386,
        397
      ],
      [
        397,
        408
      ],
      [
        408,
        419
      ]
    ]
  },
  "data_metrics": {
    "predictions_made": 50000,
    "total_samples": 50000
  }
}