{
  "configuration": {
    "drift_type": "abrupt",
    "drift_point": 25000,
    "policy_type": "error_threshold",
    "error_threshold": 0.2,
    "window_size": 200,
    "budget": 20,
    "retrain_latency": 100,
    "deploy_latency": 5,
    "total_samples": 50000,
    "random_seed": 1
  },
  "performance_metrics": {
    "overall_accuracy": 0.72684,
    "pre_drift_accuracy": 0.75952,
    "post_drift_accuracy": 0.69416,
    "accuracy_drop": -0.06535999999999997
  },
  "retraining_metrics": {
    "total_retrains": 20,
    "budget_used": 20,
    "budget_total": 20,
    "budget_utilization": 1.0,
    "retrains_before_drift": 20,
    "retrains_after_drift": 0,
    "retrain_timestamps": [
      199,
      470,
      575,
      680,
      785,
      890,
      995,
      1100,
      1205,
      1310,
      1415,
      1520,
      1625,
      1730,
      1835,
      1940,
      2045,
      2150,
      2255,
      2360
    ],
    "retrain_latency_windows": [
      [
        199,
        304
      ],
      [
        470,
        575
      ],
      [
        575,
        680
      ],
      [
        680,
        785
      ],
      [
        785,
        890
      ],
      [
        890,
        995
      ],
      [
        995,
        1100
      ],
      [
        1100,
        1205
      ],
      [
        1205,
        1310
      ],
      [
        1310,
        1415
      ],
      [
        1415,
        1520
      ],
      [
        1520,
        1625
      ],
      [
        1625,
        1730
      ],
      [
        1730,
        1835
      ],
      [
        1835,
        1940
      ],
      [
        1940,
        2045
      ],
      [
        2045,
        2150
      ],
      [
        2150,
        2255
      ],
      [
        2255,
        2360
      ],
      [
        2360,
        2465
      ]
    ]
  },
  "data_metrics": {
    "predictions_made": 50000,
    "total_samples": 50000
  }
}