{
  "configuration": {
    "drift_type": "gradual",
    "drift_point": 25000,
    "policy_type": "error_threshold",
    "error_threshold": 0.2,
    "window_size": 200,
    "budget": 20,
    "retrain_latency": 100,
    "deploy_latency": 5,
    "total_samples": 50000,
    "random_seed": 3
  },
  "performance_metrics": {
    "overall_accuracy": 0.74736,
    "pre_drift_accuracy": 0.76284,
    "post_drift_accuracy": 0.73188,
    "accuracy_drop": -0.030959999999999988
  },
  "retraining_metrics": {
    "total_retrains": 20,
    "budget_used": 20,
    "budget_total": 20,
    "budget_utilization": 1.0,
    "retrains_before_drift": 20,
    "retrains_after_drift": 0,
    "retrain_timestamps": [
      199,
      304,
      409,
      514,
      619,
      724,
      829,
      934,
      1039,
      1144,
      1249,
      1369,
      1482,
      1587,
      1692,
      1797,
      1902,
      2007,
      2112,
      2217
    ],
    "retrain_latency_windows": [
      [
        199,
        304
      ],
      [
        304,
        409
      ],
      [
        409,
        514
      ],
      [
        514,
        619
      ],
      [
        619,
        724
      ],
      [
        724,
        829
      ],
      [
        829,
        934
      ],
      [
        934,
        1039
      ],
      [
        1039,
        1144
      ],
      [
        1144,
        1249
      ],
      [
        1249,
        1354
      ],
      [
        1369,
        1474
      ],
      [
        1482,
        1587
      ],
      [
        1587,
        1692
      ],
      [
        1692,
        1797
      ],
      [
        1797,
        1902
      ],
      [
        1902,
        2007
      ],
      [
        2007,
        2112
      ],
      [
        2112,
        2217
      ],
      [
        2217,
        2322
      ]
    ]
  },
  "data_metrics": {
    "predictions_made": 50000,
    "total_samples": 50000
  }
}