{
  "configuration": {
    "drift_type": "recurring",
    "drift_point": 25000,
    "policy_type": "error_threshold",
    "error_threshold": 0.2,
    "window_size": 200,
    "budget": 20,
    "retrain_latency": 100,
    "deploy_latency": 5,
    "total_samples": 50000,
    "random_seed": 3
  },
  "performance_metrics": {
    "overall_accuracy": 0.75526,
    "pre_drift_accuracy": 0.76252,
    "post_drift_accuracy": 0.748,
    "accuracy_drop": -0.014519999999999977
  },
  "retraining_metrics": {
    "total_retrains": 20,
    "budget_used": 20,
    "budget_total": 20,
    "budget_utilization": 1.0,
    "retrains_before_drift": 20,
    "retrains_after_drift": 0,
    "retrain_timestamps": [
      199,
      304,
      409,
      514,
      619,
      724,
      829,
      934,
      1039,
      1144,
      1249,
      1618,
      1723,
      1828,
      1933,
      2038,
      2143,
      2248,
      2353,
      2458
    ],
    "retrain_latency_windows": [
      [
        199,
        304
      ],
      [
        304,
        409
      ],
      [
        409,
        514
      ],
      [
        514,
        619
      ],
      [
        619,
        724
      ],
      [
        724,
        829
      ],
      [
        829,
        934
      ],
      [
        934,
        1039
      ],
      [
        1039,
        1144
      ],
      [
        1144,
        1249
      ],
      [
        1249,
        1354
      ],
      [
        1618,
        1723
      ],
      [
        1723,
        1828
      ],
      [
        1828,
        1933
      ],
      [
        1933,
        2038
      ],
      [
        2038,
        2143
      ],
      [
        2143,
        2248
      ],
      [
        2248,
        2353
      ],
      [
        2353,
        2458
      ],
      [
        2458,
        2563
      ]
    ]
  },
  "data_metrics": {
    "predictions_made": 50000,
    "total_samples": 50000
  }
}