{
  "configuration": {
    "drift_type": "abrupt",
    "drift_point": 25000,
    "policy_type": "error_threshold",
    "error_threshold": 0.2,
    "window_size": 200,
    "budget": 20,
    "retrain_latency": 100,
    "deploy_latency": 5,
    "total_samples": 50000,
    "random_seed": 2
  },
  "performance_metrics": {
    "overall_accuracy": 0.70522,
    "pre_drift_accuracy": 0.72316,
    "post_drift_accuracy": 0.68728,
    "accuracy_drop": -0.03588000000000002
  },
  "retraining_metrics": {
    "total_retrains": 20,
    "budget_used": 20,
    "budget_total": 20,
    "budget_utilization": 1.0,
    "retrains_before_drift": 20,
    "retrains_after_drift": 0,
    "retrain_timestamps": [
      199,
      304,
      409,
      535,
      640,
      745,
      850,
      955,
      1060,
      1165,
      1270,
      1375,
      1480,
      1585,
      1690,
      1795,
      1900,
      2005,
      2110,
      2215
    ],
    "retrain_latency_windows": [
      [
        199,
        304
      ],
      [
        304,
        409
      ],
      [
        409,
        514
      ],
      [
        535,
        640
      ],
      [
        640,
        745
      ],
      [
        745,
        850
      ],
      [
        850,
        955
      ],
      [
        955,
        1060
      ],
      [
        1060,
        1165
      ],
      [
        1165,
        1270
      ],
      [
        1270,
        1375
      ],
      [
        1375,
        1480
      ],
      [
        1480,
        1585
      ],
      [
        1585,
        1690
      ],
      [
        1690,
        1795
      ],
      [
        1795,
        1900
      ],
      [
        1900,
        2005
      ],
      [
        2005,
        2110
      ],
      [
        2110,
        2215
      ],
      [
        2215,
        2320
      ]
    ]
  },
  "data_metrics": {
    "predictions_made": 50000,
    "total_samples": 50000
  }
}