{
  "configuration": {
    "drift_type": "recurring",
    "drift_point": 25000,
    "policy_type": "error_threshold",
    "error_threshold": 0.2,
    "window_size": 200,
    "budget": 20,
    "retrain_latency": 500,
    "deploy_latency": 20,
    "total_samples": 50000,
    "random_seed": 1
  },
  "performance_metrics": {
    "overall_accuracy": 0.74224,
    "pre_drift_accuracy": 0.759,
    "post_drift_accuracy": 0.72548,
    "accuracy_drop": -0.033519999999999994
  },
  "retraining_metrics": {
    "total_retrains": 20,
    "budget_used": 20,
    "budget_total": 20,
    "budget_utilization": 1.0,
    "retrains_before_drift": 20,
    "retrains_after_drift": 0,
    "retrain_timestamps": [
      199,
      719,
      1279,
      1799,
      2364,
      2884,
      3404,
      3924,
      4444,
      4964,
      5484,
      6004,
      6524,
      7044,
      7564,
      8084,
      8604,
      9124,
      9644,
      10164
    ],
    "retrain_latency_windows": [
      [
        199,
        719
      ],
      [
        719,
        1239
      ],
      [
        1279,
        1799
      ],
      [
        1799,
        2319
      ],
      [
        2364,
        2884
      ],
      [
        2884,
        3404
      ],
      [
        3404,
        3924
      ],
      [
        3924,
        4444
      ],
      [
        4444,
        4964
      ],
      [
        4964,
        5484
      ],
      [
        5484,
        6004
      ],
      [
        6004,
        6524
      ],
      [
        6524,
        7044
      ],
      [
        7044,
        7564
      ],
      [
        7564,
        8084
      ],
      [
        8084,
        8604
      ],
      [
        8604,
        9124
      ],
      [
        9124,
        9644
      ],
      [
        9644,
        10164
      ],
      [
        10164,
        10684
      ]
    ]
  },
  "data_metrics": {
    "predictions_made": 50000,
    "total_samples": 50000
  }
}