{
  "configuration": {
    "drift_type": "abrupt",
    "drift_point": 25000,
    "policy_type": "drift_triggered",
    "error_threshold": null,
    "window_size": 500,
    "budget": 20,
    "retrain_latency": 10,
    "deploy_latency": 1,
    "total_samples": 50000,
    "random_seed": 2
  },
  "performance_metrics": {
    "overall_accuracy": 0.59858,
    "pre_drift_accuracy": 0.5954,
    "post_drift_accuracy": 0.60176,
    "accuracy_drop": 0.006359999999999921
  },
  "retraining_metrics": {
    "total_retrains": 20,
    "budget_used": 20,
    "budget_total": 20,
    "budget_utilization": 1.0,
    "retrains_before_drift": 20,
    "retrains_after_drift": 0,
    "retrain_timestamps": [
      1769,
      1780,
      1791,
      1802,
      1813,
      1826,
      5528,
      5542,
      7292,
      7357,
      7368,
      7379,
      7390,
      7401,
      7412,
      7423,
      7698,
      7729,
      7773,
      7784
    ],
    "retrain_latency_windows": [
      [
        1769,
        1780
      ],
      [
        1780,
        1791
      ],
      [
        1791,
        1802
      ],
      [
        1802,
        1813
      ],
      [
        1813,
        1824
      ],
      [
        1826,
        1837
      ],
      [
        5528,
        5539
      ],
      [
        5542,
        5553
      ],
      [
        7292,
        7303
      ],
      [
        7357,
        7368
      ],
      [
        7368,
        7379
      ],
      [
        7379,
        7390
      ],
      [
        7390,
        7401
      ],
      [
        7401,
        7412
      ],
      [
        7412,
        7423
      ],
      [
        7423,
        7434
      ],
      [
        7698,
        7709
      ],
      [
        7729,
        7740
      ],
      [
        7773,
        7784
      ],
      [
        7784,
        7795
      ]
    ]
  },
  "data_metrics": {
    "predictions_made": 50000,
    "total_samples": 50000
  }
}