{
  "configuration": {
    "drift_type": "recurring",
    "drift_point": 25000,
    "policy_type": "drift_triggered",
    "error_threshold": null,
    "window_size": 500,
    "budget": 10,
    "retrain_latency": 100,
    "deploy_latency": 5,
    "total_samples": 50000,
    "random_seed": 1
  },
  "performance_metrics": {
    "overall_accuracy": 0.72492,
    "pre_drift_accuracy": 0.67316,
    "post_drift_accuracy": 0.77668,
    "accuracy_drop": 0.10352000000000006
  },
  "retraining_metrics": {
    "total_retrains": 10,
    "budget_used": 10,
    "budget_total": 10,
    "budget_utilization": 1.0,
    "retrains_before_drift": 9,
    "retrains_after_drift": 1,
    "retrain_timestamps": [
      6015,
      6120,
      6225,
      6330,
      6435,
      15115,
      22137,
      22242,
      22349,
      28457
    ],
    "retrain_latency_windows": [
      [
        6015,
        6120
      ],
      [
        6120,
        6225
      ],
      [
        6225,
        6330
      ],
      [
        6330,
        6435
      ],
      [
        6435,
        6540
      ],
      [
        15115,
        15220
      ],
      [
        22137,
        22242
      ],
      [
        22242,
        22347
      ],
      [
        22349,
        22454
      ],
      [
        28457,
        28562
      ]
    ]
  },
  "data_metrics": {
    "predictions_made": 50000,
    "total_samples": 50000
  }
}