{
  "configuration": {
    "drift_type": "gradual",
    "drift_point": 25000,
    "policy_type": "drift_triggered",
    "error_threshold": null,
    "window_size": 500,
    "budget": 10,
    "retrain_latency": 100,
    "deploy_latency": 5,
    "total_samples": 50000,
    "random_seed": 2
  },
  "performance_metrics": {
    "overall_accuracy": 0.68408,
    "pre_drift_accuracy": 0.70184,
    "post_drift_accuracy": 0.66632,
    "accuracy_drop": -0.035519999999999996
  },
  "retraining_metrics": {
    "total_retrains": 10,
    "budget_used": 10,
    "budget_total": 10,
    "budget_utilization": 1.0,
    "retrains_before_drift": 9,
    "retrains_after_drift": 1,
    "retrain_timestamps": [
      1781,
      1886,
      1991,
      2096,
      10153,
      10394,
      10529,
      10675,
      23230,
      38084
    ],
    "retrain_latency_windows": [
      [
        1781,
        1886
      ],
      [
        1886,
        1991
      ],
      [
        1991,
        2096
      ],
      [
        2096,
        2201
      ],
      [
        10153,
        10258
      ],
      [
        10394,
        10499
      ],
      [
        10529,
        10634
      ],
      [
        10675,
        10780
      ],
      [
        23230,
        23335
      ],
      [
        38084,
        38189
      ]
    ]
  },
  "data_metrics": {
    "predictions_made": 50000,
    "total_samples": 50000
  }
}