{
  "configuration": {
    "drift_type": "gradual",
    "drift_point": 25000,
    "policy_type": "drift_triggered",
    "error_threshold": null,
    "window_size": 500,
    "budget": 20,
    "retrain_latency": 100,
    "deploy_latency": 5,
    "total_samples": 50000,
    "random_seed": 1
  },
  "performance_metrics": {
    "overall_accuracy": 0.65416,
    "pre_drift_accuracy": 0.641,
    "post_drift_accuracy": 0.66732,
    "accuracy_drop": 0.02632000000000001
  },
  "retraining_metrics": {
    "total_retrains": 15,
    "budget_used": 15,
    "budget_total": 20,
    "budget_utilization": 0.75,
    "retrains_before_drift": 12,
    "retrains_after_drift": 3,
    "retrain_timestamps": [
      11294,
      11399,
      11504,
      11609,
      11714,
      11824,
      13635,
      13740,
      13845,
      13950,
      15135,
      18503,
      32082,
      46371,
      46816
    ],
    "retrain_latency_windows": [
      [
        11294,
        11399
      ],
      [
        11399,
        11504
      ],
      [
        11504,
        11609
      ],
      [
        11609,
        11714
      ],
      [
        11714,
        11819
      ],
      [
        11824,
        11929
      ],
      [
        13635,
        13740
      ],
      [
        13740,
        13845
      ],
      [
        13845,
        13950
      ],
      [
        13950,
        14055
      ],
      [
        15135,
        15240
      ],
      [
        18503,
        18608
      ],
      [
        32082,
        32187
      ],
      [
        46371,
        46476
      ],
      [
        46816,
        46921
      ]
    ]
  },
  "data_metrics": {
    "predictions_made": 50000,
    "total_samples": 50000
  }
}