{
  "configuration": {
    "drift_type": "gradual",
    "drift_point": 25000,
    "policy_type": "drift_triggered",
    "error_threshold": null,
    "window_size": 500,
    "budget": 20,
    "retrain_latency": 10,
    "deploy_latency": 1,
    "total_samples": 50000,
    "random_seed": 3
  },
  "performance_metrics": {
    "overall_accuracy": 0.65942,
    "pre_drift_accuracy": 0.65136,
    "post_drift_accuracy": 0.66748,
    "accuracy_drop": 0.016119999999999912
  },
  "retraining_metrics": {
    "total_retrains": 20,
    "budget_used": 20,
    "budget_total": 20,
    "budget_utilization": 1.0,
    "retrains_before_drift": 20,
    "retrains_after_drift": 0,
    "retrain_timestamps": [
      4444,
      4488,
      4499,
      4510,
      4521,
      4532,
      4543,
      4554,
      4565,
      4576,
      4587,
      4598,
      4609,
      4620,
      4631,
      4642,
      4653,
      4664,
      4675,
      4686
    ],
    "retrain_latency_windows": [
      [
        4444,
        4455
      ],
      [
        4488,
        4499
      ],
      [
        4499,
        4510
      ],
      [
        4510,
        4521
      ],
      [
        4521,
        4532
      ],
      [
        4532,
        4543
      ],
      [
        4543,
        4554
      ],
      [
        4554,
        4565
      ],
      [
        4565,
        4576
      ],
      [
        4576,
        4587
      ],
      [
        4587,
        4598
      ],
      [
        4598,
        4609
      ],
      [
        4609,
        4620
      ],
      [
        4620,
        4631
      ],
      [
        4631,
        4642
      ],
      [
        4642,
        4653
      ],
      [
        4653,
        4664
      ],
      [
        4664,
        4675
      ],
      [
        4675,
        4686
      ],
      [
        4686,
        4697
      ]
    ]
  },
  "data_metrics": {
    "predictions_made": 50000,
    "total_samples": 50000
  }
}