{
  "configuration": {
    "drift_type": "gradual",
    "drift_point": 25000,
    "policy_type": "drift_triggered",
    "error_threshold": null,
    "window_size": 500,
    "budget": 10,
    "retrain_latency": 100,
    "deploy_latency": 5,
    "total_samples": 50000,
    "random_seed": 1
  },
  "performance_metrics": {
    "overall_accuracy": 0.67996,
    "pre_drift_accuracy": 0.66432,
    "post_drift_accuracy": 0.6956,
    "accuracy_drop": 0.031279999999999974
  },
  "retraining_metrics": {
    "total_retrains": 10,
    "budget_used": 10,
    "budget_total": 10,
    "budget_utilization": 1.0,
    "retrains_before_drift": 4,
    "retrains_after_drift": 6,
    "retrain_timestamps": [
      11294,
      11399,
      11504,
      11609,
      25297,
      26292,
      29244,
      29500,
      29605,
      31122
    ],
    "retrain_latency_windows": [
      [
        11294,
        11399
      ],
      [
        11399,
        11504
      ],
      [
        11504,
        11609
      ],
      [
        11609,
        11714
      ],
      [
        25297,
        25402
      ],
      [
        26292,
        26397
      ],
      [
        29244,
        29349
      ],
      [
        29500,
        29605
      ],
      [
        29605,
        29710
      ],
      [
        31122,
        31227
      ]
    ]
  },
  "data_metrics": {
    "predictions_made": 50000,
    "total_samples": 50000
  }
}