{
  "configuration": {
    "drift_type": "gradual",
    "drift_point": 25000,
    "policy_type": "drift_triggered",
    "error_threshold": null,
    "window_size": 500,
    "budget": 10,
    "retrain_latency": 10,
    "deploy_latency": 1,
    "total_samples": 50000,
    "random_seed": 1
  },
  "performance_metrics": {
    "overall_accuracy": 0.61076,
    "pre_drift_accuracy": 0.61336,
    "post_drift_accuracy": 0.60816,
    "accuracy_drop": -0.005199999999999982
  },
  "retraining_metrics": {
    "total_retrains": 10,
    "budget_used": 10,
    "budget_total": 10,
    "budget_utilization": 1.0,
    "retrains_before_drift": 10,
    "retrains_after_drift": 0,
    "retrain_timestamps": [
      11294,
      11305,
      11316,
      11327,
      11338,
      11349,
      11360,
      11371,
      11382,
      11393
    ],
    "retrain_latency_windows": [
      [
        11294,
        11305
      ],
      [
        11305,
        11316
      ],
      [
        11316,
        11327
      ],
      [
        11327,
        11338
      ],
      [
        11338,
        11349
      ],
      [
        11349,
        11360
      ],
      [
        11360,
        11371
      ],
      [
        11371,
        11382
      ],
      [
        11382,
        11393
      ],
      [
        11393,
        11404
      ]
    ]
  },
  "data_metrics": {
    "predictions_made": 50000,
    "total_samples": 50000
  }
}