{
  "configuration": {
    "drift_type": "gradual",
    "drift_point": 25000,
    "policy_type": "drift_triggered",
    "error_threshold": null,
    "window_size": 500,
    "budget": 10,
    "retrain_latency": 10,
    "deploy_latency": 1,
    "total_samples": 50000,
    "random_seed": 2
  },
  "performance_metrics": {
    "overall_accuracy": 0.67172,
    "pre_drift_accuracy": 0.6494,
    "post_drift_accuracy": 0.69404,
    "accuracy_drop": 0.04464000000000001
  },
  "retraining_metrics": {
    "total_retrains": 10,
    "budget_used": 10,
    "budget_total": 10,
    "budget_utilization": 1.0,
    "retrains_before_drift": 10,
    "retrains_after_drift": 0,
    "retrain_timestamps": [
      1781,
      1819,
      2031,
      2042,
      2053,
      20181,
      20220,
      20232,
      20298,
      21735
    ],
    "retrain_latency_windows": [
      [
        1781,
        1792
      ],
      [
        1819,
        1830
      ],
      [
        2031,
        2042
      ],
      [
        2042,
        2053
      ],
      [
        2053,
        2064
      ],
      [
        20181,
        20192
      ],
      [
        20220,
        20231
      ],
      [
        20232,
        20243
      ],
      [
        20298,
        20309
      ],
      [
        21735,
        21746
      ]
    ]
  },
  "data_metrics": {
    "predictions_made": 50000,
    "total_samples": 50000
  }
}