{
  "configuration": {
    "drift_type": "gradual",
    "drift_point": 25000,
    "policy_type": "drift_triggered",
    "error_threshold": null,
    "window_size": 500,
    "budget": 20,
    "retrain_latency": 10,
    "deploy_latency": 1,
    "total_samples": 50000,
    "random_seed": 2
  },
  "performance_metrics": {
    "overall_accuracy": 0.59856,
    "pre_drift_accuracy": 0.63256,
    "post_drift_accuracy": 0.56456,
    "accuracy_drop": -0.06800000000000006
  },
  "retraining_metrics": {
    "total_retrains": 11,
    "budget_used": 11,
    "budget_total": 20,
    "budget_utilization": 0.55,
    "retrains_before_drift": 11,
    "retrains_after_drift": 0,
    "retrain_timestamps": [
      1781,
      1814,
      1825,
      1836,
      5018,
      5029,
      5072,
      5083,
      22296,
      22312,
      22323
    ],
    "retrain_latency_windows": [
      [
        1781,
        1792
      ],
      [
        1814,
        1825
      ],
      [
        1825,
        1836
      ],
      [
        1836,
        1847
      ],
      [
        5018,
        5029
      ],
      [
        5029,
        5040
      ],
      [
        5072,
        5083
      ],
      [
        5083,
        5094
      ],
      [
        22296,
        22307
      ],
      [
        22312,
        22323
      ],
      [
        22323,
        22334
      ]
    ]
  },
  "data_metrics": {
    "predictions_made": 50000,
    "total_samples": 50000
  }
}