{
  "configuration": {
    "drift_type": "abrupt",
    "drift_point": 25000,
    "policy_type": "drift_triggered",
    "error_threshold": null,
    "window_size": 500,
    "budget": 20,
    "retrain_latency": 10,
    "deploy_latency": 1,
    "total_samples": 50000,
    "random_seed": 1
  },
  "performance_metrics": {
    "overall_accuracy": 0.6317,
    "pre_drift_accuracy": 0.65608,
    "post_drift_accuracy": 0.60732,
    "accuracy_drop": -0.048760000000000026
  },
  "retraining_metrics": {
    "total_retrains": 20,
    "budget_used": 20,
    "budget_total": 20,
    "budget_utilization": 1.0,
    "retrains_before_drift": 14,
    "retrains_after_drift": 6,
    "retrain_timestamps": [
      6024,
      6430,
      6441,
      6452,
      6463,
      6474,
      16037,
      16048,
      24011,
      24203,
      24222,
      24353,
      24719,
      24730,
      31226,
      31319,
      31330,
      31363,
      31374,
      31385
    ],
    "retrain_latency_windows": [
      [
        6024,
        6035
      ],
      [
        6430,
        6441
      ],
      [
        6441,
        6452
      ],
      [
        6452,
        6463
      ],
      [
        6463,
        6474
      ],
      [
        6474,
        6485
      ],
      [
        16037,
        16048
      ],
      [
        16048,
        16059
      ],
      [
        24011,
        24022
      ],
      [
        24203,
        24214
      ],
      [
        24222,
        24233
      ],
      [
        24353,
        24364
      ],
      [
        24719,
        24730
      ],
      [
        24730,
        24741
      ],
      [
        31226,
        31237
      ],
      [
        31319,
        31330
      ],
      [
        31330,
        31341
      ],
      [
        31363,
        31374
      ],
      [
        31374,
        31385
      ],
      [
        31385,
        31396
      ]
    ]
  },
  "data_metrics": {
    "predictions_made": 50000,
    "total_samples": 50000
  }
}