{
  "configuration": {
    "drift_type": "recurring",
    "drift_point": 25000,
    "policy_type": "drift_triggered",
    "error_threshold": null,
    "window_size": 500,
    "budget": 20,
    "retrain_latency": 10,
    "deploy_latency": 1,
    "total_samples": 50000,
    "random_seed": 1
  },
  "performance_metrics": {
    "overall_accuracy": 0.63306,
    "pre_drift_accuracy": 0.61376,
    "post_drift_accuracy": 0.65236,
    "accuracy_drop": 0.03860000000000008
  },
  "retraining_metrics": {
    "total_retrains": 20,
    "budget_used": 20,
    "budget_total": 20,
    "budget_utilization": 1.0,
    "retrains_before_drift": 20,
    "retrains_after_drift": 0,
    "retrain_timestamps": [
      6015,
      6120,
      6131,
      6144,
      6155,
      6166,
      6184,
      6195,
      6236,
      6247,
      6258,
      6269,
      6451,
      6462,
      6473,
      8130,
      8141,
      23941,
      24082,
      24106
    ],
    "retrain_latency_windows": [
      [
        6015,
        6026
      ],
      [
        6120,
        6131
      ],
      [
        6131,
        6142
      ],
      [
        6144,
        6155
      ],
      [
        6155,
        6166
      ],
      [
        6166,
        6177
      ],
      [
        6184,
        6195
      ],
      [
        6195,
        6206
      ],
      [
        6236,
        6247
      ],
      [
        6247,
        6258
      ],
      [
        6258,
        6269
      ],
      [
        6269,
        6280
      ],
      [
        6451,
        6462
      ],
      [
        6462,
        6473
      ],
      [
        6473,
        6484
      ],
      [
        8130,
        8141
      ],
      [
        8141,
        8152
      ],
      [
        23941,
        23952
      ],
      [
        24082,
        24093
      ],
      [
        24106,
        24117
      ]
    ]
  },
  "data_metrics": {
    "predictions_made": 50000,
    "total_samples": 50000
  }
}