{
  "configuration": {
    "drift_type": "recurring",
    "drift_point": 25000,
    "policy_type": "error_threshold",
    "error_threshold": 0.2,
    "window_size": 200,
    "budget": 20,
    "retrain_latency": 10,
    "deploy_latency": 1,
    "total_samples": 50000,
    "random_seed": 3
  },
  "performance_metrics": {
    "overall_accuracy": 0.99392,
    "pre_drift_accuracy": 0.99972,
    "post_drift_accuracy": 0.98812,
    "accuracy_drop": -0.011600000000000055
  },
  "retraining_metrics": {
    "total_retrains": 16,
    "budget_used": 16,
    "budget_total": 20,
    "budget_utilization": 0.8,
    "retrains_before_drift": 0,
    "retrains_after_drift": 16,
    "retrain_timestamps": [
      25050,
      25061,
      25072,
      25083,
      25094,
      25105,
      25116,
      25127,
      25138,
      25149,
      25160,
      25171,
      25182,
      25193,
      25204,
      25215
    ],
    "retrain_latency_windows": [
      [
        25050,
        25061
      ],
      [
        25061,
        25072
      ],
      [
        25072,
        25083
      ],
      [
        25083,
        25094
      ],
      [
        25094,
        25105
      ],
      [
        25105,
        25116
      ],
      [
        25116,
        25127
      ],
      [
        25127,
        25138
      ],
      [
        25138,
        25149
      ],
      [
        25149,
        25160
      ],
      [
        25160,
        25171
      ],
      [
        25171,
        25182
      ],
      [
        25182,
        25193
      ],
      [
        25193,
        25204
      ],
      [
        25204,
        25215
      ],
      [
        25215,
        25226
      ]
    ]
  },
  "data_metrics": {
    "predictions_made": 50000,
    "total_samples": 50000
  }
}