{
  "configuration": {
    "drift_type": "abrupt",
    "drift_point": 25000,
    "policy_type": "error_threshold",
    "error_threshold": 0.2,
    "window_size": 200,
    "budget": 10,
    "retrain_latency": 10,
    "deploy_latency": 1,
    "total_samples": 50000,
    "random_seed": 3
  },
  "performance_metrics": {
    "overall_accuracy": 0.99398,
    "pre_drift_accuracy": 0.99976,
    "post_drift_accuracy": 0.9882,
    "accuracy_drop": -0.011560000000000015
  },
  "retraining_metrics": {
    "total_retrains": 10,
    "budget_used": 10,
    "budget_total": 10,
    "budget_utilization": 1.0,
    "retrains_before_drift": 0,
    "retrains_after_drift": 10,
    "retrain_timestamps": [
      25050,
      25061,
      25072,
      25083,
      25094,
      25105,
      25116,
      25127,
      25138,
      25149
    ],
    "retrain_latency_windows": [
      [
        25050,
        25061
      ],
      [
        25061,
        25072
      ],
      [
        25072,
        25083
      ],
      [
        25083,
        25094
      ],
      [
        25094,
        25105
      ],
      [
        25105,
        25116
      ],
      [
        25116,
        25127
      ],
      [
        25127,
        25138
      ],
      [
        25138,
        25149
      ],
      [
        25149,
        25160
      ]
    ]
  },
  "data_metrics": {
    "predictions_made": 50000,
    "total_samples": 50000
  }
}