{
  "configuration": {
    "drift_type": "abrupt",
    "drift_point": 25000,
    "policy_type": "drift_triggered",
    "error_threshold": null,
    "window_size": 500,
    "budget": 20,
    "retrain_latency": 10,
    "deploy_latency": 1,
    "total_samples": 50000,
    "random_seed": 1
  },
  "performance_metrics": {
    "overall_accuracy": 0.52594,
    "pre_drift_accuracy": 0.34928,
    "post_drift_accuracy": 0.7026,
    "accuracy_drop": 0.35332
  },
  "retraining_metrics": {
    "total_retrains": 20,
    "budget_used": 20,
    "budget_total": 20,
    "budget_utilization": 1.0,
    "retrains_before_drift": 0,
    "retrains_after_drift": 20,
    "retrain_timestamps": [
      33144,
      33182,
      33193,
      33204,
      33215,
      33226,
      33237,
      33248,
      33259,
      33270,
      33281,
      33292,
      33303,
      33314,
      33325,
      33336,
      33347,
      33358,
      33369,
      33380
    ],
    "retrain_latency_windows": [
      [
        33144,
        33155
      ],
      [
        33182,
        33193
      ],
      [
        33193,
        33204
      ],
      [
        33204,
        33215
      ],
      [
        33215,
        33226
      ],
      [
        33226,
        33237
      ],
      [
        33237,
        33248
      ],
      [
        33248,
        33259
      ],
      [
        33259,
        33270
      ],
      [
        33270,
        33281
      ],
      [
        33281,
        33292
      ],
      [
        33292,
        33303
      ],
      [
        33303,
        33314
      ],
      [
        33314,
        33325
      ],
      [
        33325,
        33336
      ],
      [
        33336,
        33347
      ],
      [
        33347,
        33358
      ],
      [
        33358,
        33369
      ],
      [
        33369,
        33380
      ],
      [
        33380,
        33391
      ]
    ]
  },
  "data_metrics": {
    "predictions_made": 50000,
    "total_samples": 50000
  }
}