{
  "configuration": {
    "drift_type": "gradual",
    "drift_point": 25000,
    "policy_type": "drift_triggered",
    "error_threshold": null,
    "window_size": 500,
    "budget": 20,
    "retrain_latency": 100,
    "deploy_latency": 5,
    "total_samples": 50000,
    "random_seed": 3
  },
  "performance_metrics": {
    "overall_accuracy": 0.94958,
    "pre_drift_accuracy": 0.94316,
    "post_drift_accuracy": 0.956,
    "accuracy_drop": 0.012839999999999963
  },
  "retraining_metrics": {
    "total_retrains": 20,
    "budget_used": 20,
    "budget_total": 20,
    "budget_utilization": 1.0,
    "retrains_before_drift": 5,
    "retrains_after_drift": 15,
    "retrain_timestamps": [
      3084,
      3189,
      3294,
      3399,
      3504,
      26746,
      26851,
      26956,
      27061,
      27166,
      27271,
      27475,
      30296,
      30401,
      30506,
      30611,
      30716,
      30821,
      31269,
      32764
    ],
    "retrain_latency_windows": [
      [
        3084,
        3189
      ],
      [
        3189,
        3294
      ],
      [
        3294,
        3399
      ],
      [
        3399,
        3504
      ],
      [
        3504,
        3609
      ],
      [
        26746,
        26851
      ],
      [
        26851,
        26956
      ],
      [
        26956,
        27061
      ],
      [
        27061,
        27166
      ],
      [
        27166,
        27271
      ],
      [
        27271,
        27376
      ],
      [
        27475,
        27580
      ],
      [
        30296,
        30401
      ],
      [
        30401,
        30506
      ],
      [
        30506,
        30611
      ],
      [
        30611,
        30716
      ],
      [
        30716,
        30821
      ],
      [
        30821,
        30926
      ],
      [
        31269,
        31374
      ],
      [
        32764,
        32869
      ]
    ]
  },
  "data_metrics": {
    "predictions_made": 50000,
    "total_samples": 50000
  }
}