{
  "configuration": {
    "drift_type": "abrupt",
    "drift_point": 25000,
    "policy_type": "drift_triggered",
    "error_threshold": null,
    "window_size": 500,
    "budget": 10,
    "retrain_latency": 500,
    "deploy_latency": 20,
    "total_samples": 50000,
    "random_seed": 2
  },
  "performance_metrics": {
    "overall_accuracy": 0.90346,
    "pre_drift_accuracy": 0.90364,
    "post_drift_accuracy": 0.90328,
    "accuracy_drop": -0.00036000000000002697
  },
  "retraining_metrics": {
    "total_retrains": 9,
    "budget_used": 9,
    "budget_total": 10,
    "budget_utilization": 0.9,
    "retrains_before_drift": 7,
    "retrains_after_drift": 2,
    "retrain_timestamps": [
      284,
      1864,
      14039,
      15248,
      17181,
      17701,
      24540,
      25060,
      31952
    ],
    "retrain_latency_windows": [
      [
        284,
        804
      ],
      [
        1864,
        2384
      ],
      [
        14039,
        14559
      ],
      [
        15248,
        15768
      ],
      [
        17181,
        17701
      ],
      [
        17701,
        18221
      ],
      [
        24540,
        25060
      ],
      [
        25060,
        25580
      ],
      [
        31952,
        32472
      ]
    ]
  },
  "data_metrics": {
    "predictions_made": 50000,
    "total_samples": 50000
  }
}