{
  "configuration": {
    "drift_type": "gradual",
    "drift_point": 25000,
    "policy_type": "drift_triggered",
    "error_threshold": null,
    "window_size": 500,
    "budget": 20,
    "retrain_latency": 10,
    "deploy_latency": 1,
    "total_samples": 50000,
    "random_seed": 1
  },
  "performance_metrics": {
    "overall_accuracy": 0.85272,
    "pre_drift_accuracy": 0.93924,
    "post_drift_accuracy": 0.7662,
    "accuracy_drop": -0.17303999999999997
  },
  "retraining_metrics": {
    "total_retrains": 20,
    "budget_used": 20,
    "budget_total": 20,
    "budget_utilization": 1.0,
    "retrains_before_drift": 20,
    "retrains_after_drift": 0,
    "retrain_timestamps": [
      227,
      238,
      249,
      260,
      271,
      282,
      293,
      304,
      315,
      326,
      337,
      348,
      359,
      370,
      381,
      392,
      403,
      414,
      425,
      436
    ],
    "retrain_latency_windows": [
      [
        227,
        238
      ],
      [
        238,
        249
      ],
      [
        249,
        260
      ],
      [
        260,
        271
      ],
      [
        271,
        282
      ],
      [
        282,
        293
      ],
      [
        293,
        304
      ],
      [
        304,
        315
      ],
      [
        315,
        326
      ],
      [
        326,
        337
      ],
      [
        337,
        348
      ],
      [
        348,
        359
      ],
      [
        359,
        370
      ],
      [
        370,
        381
      ],
      [
        381,
        392
      ],
      [
        392,
        403
      ],
      [
        403,
        414
      ],
      [
        414,
        425
      ],
      [
        425,
        436
      ],
      [
        436,
        447
      ]
    ]
  },
  "data_metrics": {
    "predictions_made": 50000,
    "total_samples": 50000
  }
}