{
  "configuration": {
    "drift_type": "gradual",
    "drift_point": 25000,
    "policy_type": "drift_triggered",
    "error_threshold": null,
    "window_size": 500,
    "budget": 20,
    "retrain_latency": 100,
    "deploy_latency": 5,
    "total_samples": 50000,
    "random_seed": 2
  },
  "performance_metrics": {
    "overall_accuracy": 0.82912,
    "pre_drift_accuracy": 0.88168,
    "post_drift_accuracy": 0.77656,
    "accuracy_drop": -0.10511999999999999
  },
  "retraining_metrics": {
    "total_retrains": 20,
    "budget_used": 20,
    "budget_total": 20,
    "budget_utilization": 1.0,
    "retrains_before_drift": 20,
    "retrains_after_drift": 0,
    "retrain_timestamps": [
      284,
      389,
      494,
      599,
      704,
      809,
      1724,
      1943,
      2048,
      2153,
      2437,
      2861,
      3048,
      3153,
      3496,
      3601,
      3706,
      3811,
      3916,
      4021
    ],
    "retrain_latency_windows": [
      [
        284,
        389
      ],
      [
        389,
        494
      ],
      [
        494,
        599
      ],
      [
        599,
        704
      ],
      [
        704,
        809
      ],
      [
        809,
        914
      ],
      [
        1724,
        1829
      ],
      [
        1943,
        2048
      ],
      [
        2048,
        2153
      ],
      [
        2153,
        2258
      ],
      [
        2437,
        2542
      ],
      [
        2861,
        2966
      ],
      [
        3048,
        3153
      ],
      [
        3153,
        3258
      ],
      [
        3496,
        3601
      ],
      [
        3601,
        3706
      ],
      [
        3706,
        3811
      ],
      [
        3811,
        3916
      ],
      [
        3916,
        4021
      ],
      [
        4021,
        4126
      ]
    ]
  },
  "data_metrics": {
    "predictions_made": 50000,
    "total_samples": 50000
  }
}