{
  "configuration": {
    "drift_type": "recurring",
    "drift_point": 25000,
    "policy_type": "drift_triggered",
    "error_threshold": null,
    "window_size": 500,
    "budget": 20,
    "retrain_latency": 100,
    "deploy_latency": 5,
    "total_samples": 50000,
    "random_seed": 1
  },
  "performance_metrics": {
    "overall_accuracy": 0.95274,
    "pre_drift_accuracy": 0.99352,
    "post_drift_accuracy": 0.91196,
    "accuracy_drop": -0.08155999999999997
  },
  "retraining_metrics": {
    "total_retrains": 20,
    "budget_used": 20,
    "budget_total": 20,
    "budget_utilization": 1.0,
    "retrains_before_drift": 5,
    "retrains_after_drift": 15,
    "retrain_timestamps": [
      222,
      327,
      432,
      537,
      642,
      25111,
      29830,
      29935,
      30120,
      30225,
      30330,
      30435,
      30540,
      35051,
      35878,
      38142,
      38247,
      38352,
      38727,
      40048
    ],
    "retrain_latency_windows": [
      [
        222,
        327
      ],
      [
        327,
        432
      ],
      [
        432,
        537
      ],
      [
        537,
        642
      ],
      [
        642,
        747
      ],
      [
        25111,
        25216
      ],
      [
        29830,
        29935
      ],
      [
        29935,
        30040
      ],
      [
        30120,
        30225
      ],
      [
        30225,
        30330
      ],
      [
        30330,
        30435
      ],
      [
        30435,
        30540
      ],
      [
        30540,
        30645
      ],
      [
        35051,
        35156
      ],
      [
        35878,
        35983
      ],
      [
        38142,
        38247
      ],
      [
        38247,
        38352
      ],
      [
        38352,
        38457
      ],
      [
        38727,
        38832
      ],
      [
        40048,
        40153
      ]
    ]
  },
  "data_metrics": {
    "predictions_made": 50000,
    "total_samples": 50000
  }
}