{
  "configuration": {
    "drift_type": "recurring",
    "drift_point": 25000,
    "policy_type": "drift_triggered",
    "error_threshold": null,
    "window_size": 500,
    "budget": 20,
    "retrain_latency": 10,
    "deploy_latency": 1,
    "total_samples": 50000,
    "random_seed": 2
  },
  "performance_metrics": {
    "overall_accuracy": 0.71998,
    "pre_drift_accuracy": 0.84492,
    "post_drift_accuracy": 0.59504,
    "accuracy_drop": -0.24988
  },
  "retraining_metrics": {
    "total_retrains": 20,
    "budget_used": 20,
    "budget_total": 20,
    "budget_utilization": 1.0,
    "retrains_before_drift": 20,
    "retrains_after_drift": 0,
    "retrain_timestamps": [
      281,
      480,
      492,
      503,
      514,
      538,
      564,
      575,
      586,
      597,
      608,
      619,
      630,
      641,
      652,
      663,
      674,
      685,
      696,
      707
    ],
    "retrain_latency_windows": [
      [
        281,
        292
      ],
      [
        480,
        491
      ],
      [
        492,
        503
      ],
      [
        503,
        514
      ],
      [
        514,
        525
      ],
      [
        538,
        549
      ],
      [
        564,
        575
      ],
      [
        575,
        586
      ],
      [
        586,
        597
      ],
      [
        597,
        608
      ],
      [
        608,
        619
      ],
      [
        619,
        630
      ],
      [
        630,
        641
      ],
      [
        641,
        652
      ],
      [
        652,
        663
      ],
      [
        663,
        674
      ],
      [
        674,
        685
      ],
      [
        685,
        696
      ],
      [
        696,
        707
      ],
      [
        707,
        718
      ]
    ]
  },
  "data_metrics": {
    "predictions_made": 50000,
    "total_samples": 50000
  }
}