{
  "configuration": {
    "drift_type": "abrupt",
    "drift_point": 25000,
    "policy_type": "drift_triggered",
    "error_threshold": null,
    "window_size": 500,
    "budget": 10,
    "retrain_latency": 100,
    "deploy_latency": 5,
    "total_samples": 50000,
    "random_seed": 3
  },
  "performance_metrics": {
    "overall_accuracy": 0.82186,
    "pre_drift_accuracy": 0.86712,
    "post_drift_accuracy": 0.7766,
    "accuracy_drop": -0.09052000000000004
  },
  "retraining_metrics": {
    "total_retrains": 10,
    "budget_used": 10,
    "budget_total": 10,
    "budget_utilization": 1.0,
    "retrains_before_drift": 5,
    "retrains_after_drift": 5,
    "retrain_timestamps": [
      7317,
      7422,
      7527,
      7632,
      7737,
      25032,
      25137,
      25242,
      25347,
      25452
    ],
    "retrain_latency_windows": [
      [
        7317,
        7422
      ],
      [
        7422,
        7527
      ],
      [
        7527,
        7632
      ],
      [
        7632,
        7737
      ],
      [
        7737,
        7842
      ],
      [
        25032,
        25137
      ],
      [
        25137,
        25242
      ],
      [
        25242,
        25347
      ],
      [
        25347,
        25452
      ],
      [
        25452,
        25557
      ]
    ]
  },
  "data_metrics": {
    "predictions_made": 50000,
    "total_samples": 50000
  }
}