{
  "configuration": {
    "drift_type": "recurring",
    "drift_point": 25000,
    "policy_type": "drift_triggered",
    "error_threshold": null,
    "window_size": 500,
    "budget": 10,
    "retrain_latency": 500,
    "deploy_latency": 20,
    "total_samples": 50000,
    "random_seed": 3
  },
  "performance_metrics": {
    "overall_accuracy": 0.88908,
    "pre_drift_accuracy": 0.96844,
    "post_drift_accuracy": 0.80972,
    "accuracy_drop": -0.15871999999999997
  },
  "retraining_metrics": {
    "total_retrains": 10,
    "budget_used": 10,
    "budget_total": 10,
    "budget_utilization": 1.0,
    "retrains_before_drift": 1,
    "retrains_after_drift": 9,
    "retrain_timestamps": [
      1630,
      25016,
      25536,
      27683,
      28203,
      30051,
      31583,
      35013,
      35533,
      40024
    ],
    "retrain_latency_windows": [
      [
        1630,
        2150
      ],
      [
        25016,
        25536
      ],
      [
        25536,
        26056
      ],
      [
        27683,
        28203
      ],
      [
        28203,
        28723
      ],
      [
        30051,
        30571
      ],
      [
        31583,
        32103
      ],
      [
        35013,
        35533
      ],
      [
        35533,
        36053
      ],
      [
        40024,
        40544
      ]
    ]
  },
  "data_metrics": {
    "predictions_made": 50000,
    "total_samples": 50000
  }
}