{
  "configuration": {
    "drift_type": "recurring",
    "drift_point": 25000,
    "policy_type": "drift_triggered",
    "error_threshold": null,
    "window_size": 500,
    "budget": 20,
    "retrain_latency": 10,
    "deploy_latency": 1,
    "total_samples": 50000,
    "random_seed": 1
  },
  "performance_metrics": {
    "overall_accuracy": 0.78666,
    "pre_drift_accuracy": 0.77732,
    "post_drift_accuracy": 0.796,
    "accuracy_drop": 0.01868000000000003
  },
  "retraining_metrics": {
    "total_retrains": 20,
    "budget_used": 20,
    "budget_total": 20,
    "budget_utilization": 1.0,
    "retrains_before_drift": 20,
    "retrains_after_drift": 0,
    "retrain_timestamps": [
      222,
      233,
      244,
      255,
      266,
      277,
      288,
      299,
      310,
      321,
      332,
      343,
      354,
      365,
      376,
      387,
      398,
      409,
      420,
      431
    ],
    "retrain_latency_windows": [
      [
        222,
        233
      ],
      [
        233,
        244
      ],
      [
        244,
        255
      ],
      [
        255,
        266
      ],
      [
        266,
        277
      ],
      [
        277,
        288
      ],
      [
        288,
        299
      ],
      [
        299,
        310
      ],
      [
        310,
        321
      ],
      [
        321,
        332
      ],
      [
        332,
        343
      ],
      [
        343,
        354
      ],
      [
        354,
        365
      ],
      [
        365,
        376
      ],
      [
        376,
        387
      ],
      [
        387,
        398
      ],
      [
        398,
        409
      ],
      [
        409,
        420
      ],
      [
        420,
        431
      ],
      [
        431,
        442
      ]
    ]
  },
  "data_metrics": {
    "predictions_made": 50000,
    "total_samples": 50000
  }
}