{
  "configuration": {
    "drift_type": "abrupt",
    "drift_point": 25000,
    "policy_type": "drift_triggered",
    "error_threshold": null,
    "window_size": 500,
    "budget": 20,
    "retrain_latency": 100,
    "deploy_latency": 5,
    "total_samples": 50000,
    "random_seed": 2
  },
  "performance_metrics": {
    "overall_accuracy": 0.78012,
    "pre_drift_accuracy": 0.8774,
    "post_drift_accuracy": 0.68284,
    "accuracy_drop": -0.19455999999999996
  },
  "retraining_metrics": {
    "total_retrains": 20,
    "budget_used": 20,
    "budget_total": 20,
    "budget_utilization": 1.0,
    "retrains_before_drift": 20,
    "retrains_after_drift": 0,
    "retrain_timestamps": [
      284,
      389,
      571,
      676,
      781,
      886,
      2193,
      2445,
      2796,
      2905,
      3029,
      3134,
      3239,
      3344,
      3449,
      3554,
      3659,
      3764,
      3869,
      3974
    ],
    "retrain_latency_windows": [
      [
        284,
        389
      ],
      [
        389,
        494
      ],
      [
        571,
        676
      ],
      [
        676,
        781
      ],
      [
        781,
        886
      ],
      [
        886,
        991
      ],
      [
        2193,
        2298
      ],
      [
        2445,
        2550
      ],
      [
        2796,
        2901
      ],
      [
        2905,
        3010
      ],
      [
        3029,
        3134
      ],
      [
        3134,
        3239
      ],
      [
        3239,
        3344
      ],
      [
        3344,
        3449
      ],
      [
        3449,
        3554
      ],
      [
        3554,
        3659
      ],
      [
        3659,
        3764
      ],
      [
        3764,
        3869
      ],
      [
        3869,
        3974
      ],
      [
        3974,
        4079
      ]
    ]
  },
  "data_metrics": {
    "predictions_made": 50000,
    "total_samples": 50000
  }
}