{
  "configuration": {
    "drift_type": "abrupt",
    "drift_point": 25000,
    "policy_type": "drift_triggered",
    "error_threshold": null,
    "window_size": 500,
    "budget": 20,
    "retrain_latency": 100,
    "deploy_latency": 5,
    "total_samples": 50000,
    "random_seed": 3
  },
  "performance_metrics": {
    "overall_accuracy": 0.65252,
    "pre_drift_accuracy": 0.8668,
    "post_drift_accuracy": 0.43824,
    "accuracy_drop": -0.42856
  },
  "retraining_metrics": {
    "total_retrains": 20,
    "budget_used": 20,
    "budget_total": 20,
    "budget_utilization": 1.0,
    "retrains_before_drift": 5,
    "retrains_after_drift": 15,
    "retrain_timestamps": [
      7317,
      7422,
      7527,
      7632,
      7737,
      25018,
      25123,
      25228,
      25333,
      25438,
      25543,
      25648,
      25753,
      25881,
      27784,
      27889,
      27994,
      28099,
      28204,
      28309
    ],
    "retrain_latency_windows": [
      [
        7317,
        7422
      ],
      [
        7422,
        7527
      ],
      [
        7527,
        7632
      ],
      [
        7632,
        7737
      ],
      [
        7737,
        7842
      ],
      [
        25018,
        25123
      ],
      [
        25123,
        25228
      ],
      [
        25228,
        25333
      ],
      [
        25333,
        25438
      ],
      [
        25438,
        25543
      ],
      [
        25543,
        25648
      ],
      [
        25648,
        25753
      ],
      [
        25753,
        25858
      ],
      [
        25881,
        25986
      ],
      [
        27784,
        27889
      ],
      [
        27889,
        27994
      ],
      [
        27994,
        28099
      ],
      [
        28099,
        28204
      ],
      [
        28204,
        28309
      ],
      [
        28309,
        28414
      ]
    ]
  },
  "data_metrics": {
    "predictions_made": 50000,
    "total_samples": 50000
  }
}