{
  "configuration": {
    "drift_type": "abrupt",
    "drift_point": 25000,
    "policy_type": "drift_triggered",
    "error_threshold": null,
    "window_size": 500,
    "budget": 10,
    "retrain_latency": 10,
    "deploy_latency": 1,
    "total_samples": 50000,
    "random_seed": 1
  },
  "performance_metrics": {
    "overall_accuracy": 0.4422,
    "pre_drift_accuracy": 0.34928,
    "post_drift_accuracy": 0.53512,
    "accuracy_drop": 0.18584000000000006
  },
  "retraining_metrics": {
    "total_retrains": 10,
    "budget_used": 10,
    "budget_total": 10,
    "budget_utilization": 1.0,
    "retrains_before_drift": 0,
    "retrains_after_drift": 10,
    "retrain_timestamps": [
      33144,
      33187,
      33198,
      33209,
      33220,
      33231,
      33242,
      33253,
      33264,
      33275
    ],
    "retrain_latency_windows": [
      [
        33144,
        33155
      ],
      [
        33187,
        33198
      ],
      [
        33198,
        33209
      ],
      [
        33209,
        33220
      ],
      [
        33220,
        33231
      ],
      [
        33231,
        33242
      ],
      [
        33242,
        33253
      ],
      [
        33253,
        33264
      ],
      [
        33264,
        33275
      ],
      [
        33275,
        33286
      ]
    ]
  },
  "data_metrics": {
    "predictions_made": 50000,
    "total_samples": 50000
  }
}