{
  "configuration": {
    "drift_type": "abrupt",
    "drift_point": 25000,
    "policy_type": "drift_triggered",
    "error_threshold": null,
    "window_size": 500,
    "budget": 20,
    "retrain_latency": 10,
    "deploy_latency": 1,
    "total_samples": 50000,
    "random_seed": 2
  },
  "performance_metrics": {
    "overall_accuracy": 0.53266,
    "pre_drift_accuracy": 0.82592,
    "post_drift_accuracy": 0.2394,
    "accuracy_drop": -0.5865199999999999
  },
  "retraining_metrics": {
    "total_retrains": 20,
    "budget_used": 20,
    "budget_total": 20,
    "budget_utilization": 1.0,
    "retrains_before_drift": 20,
    "retrains_after_drift": 0,
    "retrain_timestamps": [
      284,
      295,
      571,
      582,
      593,
      604,
      615,
      626,
      637,
      648,
      659,
      670,
      681,
      692,
      703,
      714,
      725,
      736,
      747,
      758
    ],
    "retrain_latency_windows": [
      [
        284,
        295
      ],
      [
        295,
        306
      ],
      [
        571,
        582
      ],
      [
        582,
        593
      ],
      [
        593,
        604
      ],
      [
        604,
        615
      ],
      [
        615,
        626
      ],
      [
        626,
        637
      ],
      [
        637,
        648
      ],
      [
        648,
        659
      ],
      [
        659,
        670
      ],
      [
        670,
        681
      ],
      [
        681,
        692
      ],
      [
        692,
        703
      ],
      [
        703,
        714
      ],
      [
        714,
        725
      ],
      [
        725,
        736
      ],
      [
        736,
        747
      ],
      [
        747,
        758
      ],
      [
        758,
        769
      ]
    ]
  },
  "data_metrics": {
    "predictions_made": 50000,
    "total_samples": 50000
  }
}