{
  "configuration": {
    "drift_type": "gradual",
    "drift_point": 25000,
    "policy_type": "drift_triggered",
    "error_threshold": null,
    "window_size": 500,
    "budget": 20,
    "retrain_latency": 10,
    "deploy_latency": 1,
    "total_samples": 50000,
    "random_seed": 3
  },
  "performance_metrics": {
    "overall_accuracy": 0.57114,
    "pre_drift_accuracy": 0.83668,
    "post_drift_accuracy": 0.3056,
    "accuracy_drop": -0.53108
  },
  "retraining_metrics": {
    "total_retrains": 20,
    "budget_used": 20,
    "budget_total": 20,
    "budget_utilization": 1.0,
    "retrains_before_drift": 20,
    "retrains_after_drift": 0,
    "retrain_timestamps": [
      3084,
      3123,
      3134,
      3145,
      3156,
      3167,
      3178,
      3189,
      3200,
      3211,
      3222,
      3233,
      3244,
      3255,
      3266,
      3277,
      3288,
      3299,
      3310,
      3321
    ],
    "retrain_latency_windows": [
      [
        3084,
        3095
      ],
      [
        3123,
        3134
      ],
      [
        3134,
        3145
      ],
      [
        3145,
        3156
      ],
      [
        3156,
        3167
      ],
      [
        3167,
        3178
      ],
      [
        3178,
        3189
      ],
      [
        3189,
        3200
      ],
      [
        3200,
        3211
      ],
      [
        3211,
        3222
      ],
      [
        3222,
        3233
      ],
      [
        3233,
        3244
      ],
      [
        3244,
        3255
      ],
      [
        3255,
        3266
      ],
      [
        3266,
        3277
      ],
      [
        3277,
        3288
      ],
      [
        3288,
        3299
      ],
      [
        3299,
        3310
      ],
      [
        3310,
        3321
      ],
      [
        3321,
        3332
      ]
    ]
  },
  "data_metrics": {
    "predictions_made": 50000,
    "total_samples": 50000
  }
}