{
  "configuration": {
    "drift_type": "gradual",
    "drift_point": 25000,
    "policy_type": "periodic",
    "error_threshold": null,
    "window_size": null,
    "budget": 10,
    "retrain_latency": 10,
    "deploy_latency": 1,
    "total_samples": 50000,
    "random_seed": 3
  },
  "performance_metrics": {
    "overall_accuracy": 0.88738,
    "pre_drift_accuracy": 0.90792,
    "post_drift_accuracy": 0.86684,
    "accuracy_drop": -0.041079999999999894
  },
  "retraining_metrics": {
    "total_retrains": 10,
    "budget_used": 10,
    "budget_total": 10,
    "budget_utilization": 1.0,
    "retrains_before_drift": 5,
    "retrains_after_drift": 5,
    "retrain_timestamps": [
      0,
      5000,
      10000,
      15000,
      20000,
      25000,
      30000,
      35000,
      40000,
      45000
    ],
    "retrain_latency_windows": [
      [
        0,
        11
      ],
      [
        5000,
        5011
      ],
      [
        10000,
        10011
      ],
      [
        15000,
        15011
      ],
      [
        20000,
        20011
      ],
      [
        25000,
        25011
      ],
      [
        30000,
        30011
      ],
      [
        35000,
        35011
      ],
      [
        40000,
        40011
      ],
      [
        45000,
        45011
      ]
    ]
  },
  "data_metrics": {
    "predictions_made": 50000,
    "total_samples": 50000
  }
}