{
  "configuration": {
    "drift_type": "recurring",
    "drift_point": 25000,
    "policy_type": "error_threshold",
    "error_threshold": 0.2,
    "window_size": 200,
    "budget": 20,
    "retrain_latency": 100,
    "deploy_latency": 5,
    "total_samples": 50000,
    "random_seed": 2
  },
  "performance_metrics": {
    "overall_accuracy": 0.69286,
    "pre_drift_accuracy": 0.71092,
    "post_drift_accuracy": 0.6748,
    "accuracy_drop": -0.03612000000000004
  },
  "retraining_metrics": {
    "total_retrains": 20,
    "budget_used": 20,
    "budget_total": 20,
    "budget_utilization": 1.0,
    "retrains_before_drift": 20,
    "retrains_after_drift": 0,
    "retrain_timestamps": [
      199,
      304,
      409,
      514,
      619,
      724,
      839,
      944,
      1049,
      1154,
      1259,
      1364,
      1469,
      1574,
      1679,
      1784,
      1889,
      1994,
      2099,
      2204
    ],
    "retrain_latency_windows": [
      [
        199,
        304
      ],
      [
        304,
        409
      ],
      [
        409,
        514
      ],
      [
        514,
        619
      ],
      [
        619,
        724
      ],
      [
        724,
        829
      ],
      [
        839,
        944
      ],
      [
        944,
        1049
      ],
      [
        1049,
        1154
      ],
      [
        1154,
        1259
      ],
      [
        1259,
        1364
      ],
      [
        1364,
        1469
      ],
      [
        1469,
        1574
      ],
      [
        1574,
        1679
      ],
      [
        1679,
        1784
      ],
      [
        1784,
        1889
      ],
      [
        1889,
        1994
      ],
      [
        1994,
        2099
      ],
      [
        2099,
        2204
      ],
      [
        2204,
        2309
      ]
    ]
  },
  "data_metrics": {
    "predictions_made": 50000,
    "total_samples": 50000
  }
}