{
  "configuration": {
    "drift_type": "recurring",
    "drift_point": 25000,
    "policy_type": "error_threshold",
    "error_threshold": 0.2,
    "window_size": 200,
    "budget": 20,
    "retrain_latency": 100,
    "deploy_latency": 5,
    "total_samples": 50000,
    "random_seed": 3
  },
  "performance_metrics": {
    "overall_accuracy": 0.6974,
    "pre_drift_accuracy": 0.68452,
    "post_drift_accuracy": 0.71028,
    "accuracy_drop": 0.025760000000000005
  },
  "retraining_metrics": {
    "total_retrains": 20,
    "budget_used": 20,
    "budget_total": 20,
    "budget_utilization": 1.0,
    "retrains_before_drift": 20,
    "retrains_after_drift": 0,
    "retrain_timestamps": [
      199,
      304,
      409,
      514,
      619,
      724,
      829,
      934,
      1039,
      1144,
      1249,
      1354,
      3036,
      3613,
      3718,
      3823,
      3928,
      4033,
      4138,
      4243
    ],
    "retrain_latency_windows": [
      [
        199,
        304
      ],
      [
        304,
        409
      ],
      [
        409,
        514
      ],
      [
        514,
        619
      ],
      [
        619,
        724
      ],
      [
        724,
        829
      ],
      [
        829,
        934
      ],
      [
        934,
        1039
      ],
      [
        1039,
        1144
      ],
      [
        1144,
        1249
      ],
      [
        1249,
        1354
      ],
      [
        1354,
        1459
      ],
      [
        3036,
        3141
      ],
      [
        3613,
        3718
      ],
      [
        3718,
        3823
      ],
      [
        3823,
        3928
      ],
      [
        3928,
        4033
      ],
      [
        4033,
        4138
      ],
      [
        4138,
        4243
      ],
      [
        4243,
        4348
      ]
    ]
  },
  "data_metrics": {
    "predictions_made": 50000,
    "total_samples": 50000
  }
}