{
  "configuration": {
    "drift_type": "abrupt",
    "drift_point": 25000,
    "policy_type": "error_threshold",
    "error_threshold": 0.2,
    "window_size": 200,
    "budget": 20,
    "retrain_latency": 100,
    "deploy_latency": 5,
    "total_samples": 50000,
    "random_seed": 1
  },
  "performance_metrics": {
    "overall_accuracy": 0.69412,
    "pre_drift_accuracy": 0.72532,
    "post_drift_accuracy": 0.66292,
    "accuracy_drop": -0.06240000000000001
  },
  "retraining_metrics": {
    "total_retrains": 20,
    "budget_used": 20,
    "budget_total": 20,
    "budget_utilization": 1.0,
    "retrains_before_drift": 20,
    "retrains_after_drift": 0,
    "retrain_timestamps": [
      199,
      304,
      501,
      606,
      711,
      816,
      921,
      1026,
      1131,
      1236,
      1341,
      1446,
      1551,
      1656,
      1761,
      1866,
      1971,
      2076,
      2181,
      2286
    ],
    "retrain_latency_windows": [
      [
        199,
        304
      ],
      [
        304,
        409
      ],
      [
        501,
        606
      ],
      [
        606,
        711
      ],
      [
        711,
        816
      ],
      [
        816,
        921
      ],
      [
        921,
        1026
      ],
      [
        1026,
        1131
      ],
      [
        1131,
        1236
      ],
      [
        1236,
        1341
      ],
      [
        1341,
        1446
      ],
      [
        1446,
        1551
      ],
      [
        1551,
        1656
      ],
      [
        1656,
        1761
      ],
      [
        1761,
        1866
      ],
      [
        1866,
        1971
      ],
      [
        1971,
        2076
      ],
      [
        2076,
        2181
      ],
      [
        2181,
        2286
      ],
      [
        2286,
        2391
      ]
    ]
  },
  "data_metrics": {
    "predictions_made": 50000,
    "total_samples": 50000
  }
}