{
  "configuration": {
    "drift_type": "gradual",
    "drift_point": 25000,
    "policy_type": "error_threshold",
    "error_threshold": 0.2,
    "window_size": 200,
    "budget": 20,
    "retrain_latency": 100,
    "deploy_latency": 5,
    "total_samples": 50000,
    "random_seed": 1
  },
  "performance_metrics": {
    "overall_accuracy": 0.72546,
    "pre_drift_accuracy": 0.73152,
    "post_drift_accuracy": 0.7194,
    "accuracy_drop": -0.012119999999999909
  },
  "retraining_metrics": {
    "total_retrains": 20,
    "budget_used": 20,
    "budget_total": 20,
    "budget_utilization": 1.0,
    "retrains_before_drift": 20,
    "retrains_after_drift": 0,
    "retrain_timestamps": [
      199,
      304,
      409,
      514,
      619,
      724,
      829,
      934,
      1265,
      1370,
      1475,
      1580,
      1685,
      1790,
      1895,
      2000,
      2105,
      2210,
      2315,
      2420
    ],
    "retrain_latency_windows": [
      [
        199,
        304
      ],
      [
        304,
        409
      ],
      [
        409,
        514
      ],
      [
        514,
        619
      ],
      [
        619,
        724
      ],
      [
        724,
        829
      ],
      [
        829,
        934
      ],
      [
        934,
        1039
      ],
      [
        1265,
        1370
      ],
      [
        1370,
        1475
      ],
      [
        1475,
        1580
      ],
      [
        1580,
        1685
      ],
      [
        1685,
        1790
      ],
      [
        1790,
        1895
      ],
      [
        1895,
        2000
      ],
      [
        2000,
        2105
      ],
      [
        2105,
        2210
      ],
      [
        2210,
        2315
      ],
      [
        2315,
        2420
      ],
      [
        2420,
        2525
      ]
    ]
  },
  "data_metrics": {
    "predictions_made": 50000,
    "total_samples": 50000
  }
}