{
  "configuration": {
    "drift_type": "recurring",
    "drift_point": 25000,
    "policy_type": "error_threshold",
    "error_threshold": 0.2,
    "window_size": 200,
    "budget": 20,
    "retrain_latency": 500,
    "deploy_latency": 20,
    "total_samples": 50000,
    "random_seed": 3
  },
  "performance_metrics": {
    "overall_accuracy": 0.78322,
    "pre_drift_accuracy": 0.78176,
    "post_drift_accuracy": 0.78468,
    "accuracy_drop": 0.0029200000000000337
  },
  "retraining_metrics": {
    "total_retrains": 20,
    "budget_used": 20,
    "budget_total": 20,
    "budget_utilization": 1.0,
    "retrains_before_drift": 20,
    "retrains_after_drift": 0,
    "retrain_timestamps": [
      199,
      719,
      1239,
      1759,
      2279,
      2799,
      3601,
      4836,
      5403,
      5923,
      6456,
      6988,
      7508,
      8028,
      8567,
      9087,
      9607,
      10485,
      11005,
      11525
    ],
    "retrain_latency_windows": [
      [
        199,
        719
      ],
      [
        719,
        1239
      ],
      [
        1239,
        1759
      ],
      [
        1759,
        2279
      ],
      [
        2279,
        2799
      ],
      [
        2799,
        3319
      ],
      [
        3601,
        4121
      ],
      [
        4836,
        5356
      ],
      [
        5403,
        5923
      ],
      [
        5923,
        6443
      ],
      [
        6456,
        6976
      ],
      [
        6988,
        7508
      ],
      [
        7508,
        8028
      ],
      [
        8028,
        8548
      ],
      [
        8567,
        9087
      ],
      [
        9087,
        9607
      ],
      [
        9607,
        10127
      ],
      [
        10485,
        11005
      ],
      [
        11005,
        11525
      ],
      [
        11525,
        12045
      ]
    ]
  },
  "data_metrics": {
    "predictions_made": 50000,
    "total_samples": 50000
  }
}