{
  "configuration": {
    "drift_type": "gradual",
    "drift_point": 25000,
    "policy_type": "error_threshold",
    "error_threshold": 0.2,
    "window_size": 200,
    "budget": 20,
    "retrain_latency": 500,
    "deploy_latency": 20,
    "total_samples": 50000,
    "random_seed": 1
  },
  "performance_metrics": {
    "overall_accuracy": 0.74696,
    "pre_drift_accuracy": 0.78196,
    "post_drift_accuracy": 0.71196,
    "accuracy_drop": -0.06999999999999995
  },
  "retraining_metrics": {
    "total_retrains": 20,
    "budget_used": 20,
    "budget_total": 20,
    "budget_utilization": 1.0,
    "retrains_before_drift": 20,
    "retrains_after_drift": 0,
    "retrain_timestamps": [
      199,
      719,
      1286,
      1806,
      2326,
      2945,
      3465,
      3985,
      4505,
      5025,
      5545,
      6065,
      6585,
      7105,
      7817,
      8337,
      8857,
      9377,
      9897,
      10417
    ],
    "retrain_latency_windows": [
      [
        199,
        719
      ],
      [
        719,
        1239
      ],
      [
        1286,
        1806
      ],
      [
        1806,
        2326
      ],
      [
        2326,
        2846
      ],
      [
        2945,
        3465
      ],
      [
        3465,
        3985
      ],
      [
        3985,
        4505
      ],
      [
        4505,
        5025
      ],
      [
        5025,
        5545
      ],
      [
        5545,
        6065
      ],
      [
        6065,
        6585
      ],
      [
        6585,
        7105
      ],
      [
        7105,
        7625
      ],
      [
        7817,
        8337
      ],
      [
        8337,
        8857
      ],
      [
        8857,
        9377
      ],
      [
        9377,
        9897
      ],
      [
        9897,
        10417
      ],
      [
        10417,
        10937
      ]
    ]
  },
  "data_metrics": {
    "predictions_made": 50000,
    "total_samples": 50000
  }
}