{
  "configuration": {
    "drift_type": "abrupt",
    "drift_point": 25000,
    "policy_type": "error_threshold",
    "error_threshold": 0.2,
    "window_size": 200,
    "budget": 20,
    "retrain_latency": 500,
    "deploy_latency": 20,
    "total_samples": 50000,
    "random_seed": 2
  },
  "performance_metrics": {
    "overall_accuracy": 0.66696,
    "pre_drift_accuracy": 0.68048,
    "post_drift_accuracy": 0.65344,
    "accuracy_drop": -0.027039999999999953
  },
  "retraining_metrics": {
    "total_retrains": 20,
    "budget_used": 20,
    "budget_total": 20,
    "budget_utilization": 1.0,
    "retrains_before_drift": 20,
    "retrains_after_drift": 0,
    "retrain_timestamps": [
      199,
      719,
      1239,
      1759,
      2279,
      2840,
      3360,
      3880,
      4426,
      4946,
      5466,
      5986,
      6506,
      7026,
      7546,
      8089,
      8609,
      9129,
      9649,
      10169
    ],
    "retrain_latency_windows": [
      [
        199,
        719
      ],
      [
        719,
        1239
      ],
      [
        1239,
        1759
      ],
      [
        1759,
        2279
      ],
      [
        2279,
        2799
      ],
      [
        2840,
        3360
      ],
      [
        3360,
        3880
      ],
      [
        3880,
        4400
      ],
      [
        4426,
        4946
      ],
      [
        4946,
        5466
      ],
      [
        5466,
        5986
      ],
      [
        5986,
        6506
      ],
      [
        6506,
        7026
      ],
      [
        7026,
        7546
      ],
      [
        7546,
        8066
      ],
      [
        8089,
        8609
      ],
      [
        8609,
        9129
      ],
      [
        9129,
        9649
      ],
      [
        9649,
        10169
      ],
      [
        10169,
        10689
      ]
    ]
  },
  "data_metrics": {
    "predictions_made": 50000,
    "total_samples": 50000
  }
}