{
  "configuration": {
    "drift_type": "recurring",
    "drift_point": 25000,
    "policy_type": "error_threshold",
    "error_threshold": 0.2,
    "window_size": 200,
    "budget": 20,
    "retrain_latency": 500,
    "deploy_latency": 20,
    "total_samples": 50000,
    "random_seed": 2
  },
  "performance_metrics": {
    "overall_accuracy": 0.75868,
    "pre_drift_accuracy": 0.75796,
    "post_drift_accuracy": 0.7594,
    "accuracy_drop": 0.0014399999999999968
  },
  "retraining_metrics": {
    "total_retrains": 20,
    "budget_used": 20,
    "budget_total": 20,
    "budget_utilization": 1.0,
    "retrains_before_drift": 20,
    "retrains_after_drift": 0,
    "retrain_timestamps": [
      199,
      719,
      1239,
      1759,
      2279,
      2799,
      3319,
      3839,
      4359,
      4879,
      5399,
      5919,
      6439,
      6959,
      7479,
      7999,
      8519,
      9039,
      9559,
      10079
    ],
    "retrain_latency_windows": [
      [
        199,
        719
      ],
      [
        719,
        1239
      ],
      [
        1239,
        1759
      ],
      [
        1759,
        2279
      ],
      [
        2279,
        2799
      ],
      [
        2799,
        3319
      ],
      [
        3319,
        3839
      ],
      [
        3839,
        4359
      ],
      [
        4359,
        4879
      ],
      [
        4879,
        5399
      ],
      [
        5399,
        5919
      ],
      [
        5919,
        6439
      ],
      [
        6439,
        6959
      ],
      [
        6959,
        7479
      ],
      [
        7479,
        7999
      ],
      [
        7999,
        8519
      ],
      [
        8519,
        9039
      ],
      [
        9039,
        9559
      ],
      [
        9559,
        10079
      ],
      [
        10079,
        10599
      ]
    ]
  },
  "data_metrics": {
    "predictions_made": 50000,
    "total_samples": 50000
  }
}