{
  "configuration": {
    "drift_type": "gradual",
    "drift_point": 25000,
    "policy_type": "error_threshold",
    "error_threshold": 0.2,
    "window_size": 200,
    "budget": 20,
    "retrain_latency": 500,
    "deploy_latency": 20,
    "total_samples": 50000,
    "random_seed": 2
  },
  "performance_metrics": {
    "overall_accuracy": 0.73768,
    "pre_drift_accuracy": 0.74708,
    "post_drift_accuracy": 0.72828,
    "accuracy_drop": -0.018799999999999928
  },
  "retraining_metrics": {
    "total_retrains": 20,
    "budget_used": 20,
    "budget_total": 20,
    "budget_utilization": 1.0,
    "retrains_before_drift": 20,
    "retrains_after_drift": 0,
    "retrain_timestamps": [
      199,
      719,
      1239,
      1759,
      2279,
      2799,
      3319,
      3839,
      4511,
      5031,
      5551,
      6071,
      6591,
      7111,
      7631,
      8151,
      8671,
      9191,
      9711,
      10231
    ],
    "retrain_latency_windows": [
      [
        199,
        719
      ],
      [
        719,
        1239
      ],
      [
        1239,
        1759
      ],
      [
        1759,
        2279
      ],
      [
        2279,
        2799
      ],
      [
        2799,
        3319
      ],
      [
        3319,
        3839
      ],
      [
        3839,
        4359
      ],
      [
        4511,
        5031
      ],
      [
        5031,
        5551
      ],
      [
        5551,
        6071
      ],
      [
        6071,
        6591
      ],
      [
        6591,
        7111
      ],
      [
        7111,
        7631
      ],
      [
        7631,
        8151
      ],
      [
        8151,
        8671
      ],
      [
        8671,
        9191
      ],
      [
        9191,
        9711
      ],
      [
        9711,
        10231
      ],
      [
        10231,
        10751
      ]
    ]
  },
  "data_metrics": {
    "predictions_made": 50000,
    "total_samples": 50000
  }
}