{
  "configuration": {
    "drift_type": "abrupt",
    "drift_point": 25000,
    "policy_type": "error_threshold",
    "error_threshold": 0.2,
    "window_size": 200,
    "budget": 20,
    "retrain_latency": 500,
    "deploy_latency": 20,
    "total_samples": 50000,
    "random_seed": 3
  },
  "performance_metrics": {
    "overall_accuracy": 0.77048,
    "pre_drift_accuracy": 0.7666,
    "post_drift_accuracy": 0.77436,
    "accuracy_drop": 0.0077600000000001
  },
  "retraining_metrics": {
    "total_retrains": 20,
    "budget_used": 20,
    "budget_total": 20,
    "budget_utilization": 1.0,
    "retrains_before_drift": 20,
    "retrains_after_drift": 0,
    "retrain_timestamps": [
      199,
      719,
      1239,
      1759,
      2330,
      2880,
      3400,
      3920,
      4445,
      4965,
      5485,
      6005,
      6525,
      7045,
      7565,
      8085,
      8619,
      9139,
      9659,
      10179
    ],
    "retrain_latency_windows": [
      [
        199,
        719
      ],
      [
        719,
        1239
      ],
      [
        1239,
        1759
      ],
      [
        1759,
        2279
      ],
      [
        2330,
        2850
      ],
      [
        2880,
        3400
      ],
      [
        3400,
        3920
      ],
      [
        3920,
        4440
      ],
      [
        4445,
        4965
      ],
      [
        4965,
        5485
      ],
      [
        5485,
        6005
      ],
      [
        6005,
        6525
      ],
      [
        6525,
        7045
      ],
      [
        7045,
        7565
      ],
      [
        7565,
        8085
      ],
      [
        8085,
        8605
      ],
      [
        8619,
        9139
      ],
      [
        9139,
        9659
      ],
      [
        9659,
        10179
      ],
      [
        10179,
        10699
      ]
    ]
  },
  "data_metrics": {
    "predictions_made": 50000,
    "total_samples": 50000
  }
}