{
  "configuration": {
    "drift_type": "gradual",
    "drift_point": 25000,
    "policy_type": "error_threshold",
    "error_threshold": 0.2,
    "window_size": 200,
    "budget": 20,
    "retrain_latency": 100,
    "deploy_latency": 5,
    "total_samples": 50000,
    "random_seed": 2
  },
  "performance_metrics": {
    "overall_accuracy": 0.6647,
    "pre_drift_accuracy": 0.68808,
    "post_drift_accuracy": 0.64132,
    "accuracy_drop": -0.046760000000000024
  },
  "retraining_metrics": {
    "total_retrains": 20,
    "budget_used": 20,
    "budget_total": 20,
    "budget_utilization": 1.0,
    "retrains_before_drift": 20,
    "retrains_after_drift": 0,
    "retrain_timestamps": [
      199,
      304,
      409,
      514,
      619,
      724,
      829,
      934,
      1039,
      1144,
      1249,
      1354,
      1459,
      1564,
      1669,
      1774,
      1879,
      1984,
      2089,
      2194
    ],
    "retrain_latency_windows": [
      [
        199,
        304
      ],
      [
        304,
        409
      ],
      [
        409,
        514
      ],
      [
        514,
        619
      ],
      [
        619,
        724
      ],
      [
        724,
        829
      ],
      [
        829,
        934
      ],
      [
        934,
        1039
      ],
      [
        1039,
        1144
      ],
      [
        1144,
        1249
      ],
      [
        1249,
        1354
      ],
      [
        1354,
        1459
      ],
      [
        1459,
        1564
      ],
      [
        1564,
        1669
      ],
      [
        1669,
        1774
      ],
      [
        1774,
        1879
      ],
      [
        1879,
        1984
      ],
      [
        1984,
        2089
      ],
      [
        2089,
        2194
      ],
      [
        2194,
        2299
      ]
    ]
  },
  "data_metrics": {
    "predictions_made": 50000,
    "total_samples": 50000
  }
}