{
  "configuration": {
    "drift_type": "recurring",
    "drift_point": 25000,
    "policy_type": "drift_triggered",
    "error_threshold": null,
    "window_size": 500,
    "budget": 10,
    "retrain_latency": 10,
    "deploy_latency": 1,
    "total_samples": 50000,
    "random_seed": 3
  },
  "performance_metrics": {
    "overall_accuracy": 0.99434,
    "pre_drift_accuracy": 0.99972,
    "post_drift_accuracy": 0.98896,
    "accuracy_drop": -0.010760000000000103
  },
  "retraining_metrics": {
    "total_retrains": 10,
    "budget_used": 10,
    "budget_total": 10,
    "budget_utilization": 1.0,
    "retrains_before_drift": 0,
    "retrains_after_drift": 10,
    "retrain_timestamps": [
      25016,
      25027,
      25038,
      25049,
      25060,
      25071,
      25082,
      25093,
      25104,
      25115
    ],
    "retrain_latency_windows": [
      [
        25016,
        25027
      ],
      [
        25027,
        25038
      ],
      [
        25038,
        25049
      ],
      [
        25049,
        25060
      ],
      [
        25060,
        25071
      ],
      [
        25071,
        25082
      ],
      [
        25082,
        25093
      ],
      [
        25093,
        25104
      ],
      [
        25104,
        25115
      ],
      [
        25115,
        25126
      ]
    ]
  },
  "data_metrics": {
    "predictions_made": 50000,
    "total_samples": 50000
  }
}