{
  "configuration": {
    "drift_type": "recurring",
    "drift_point": 25000,
    "policy_type": "drift_triggered",
    "error_threshold": null,
    "window_size": 500,
    "budget": 20,
    "retrain_latency": 10,
    "deploy_latency": 1,
    "total_samples": 50000,
    "random_seed": 3
  },
  "performance_metrics": {
    "overall_accuracy": 0.99426,
    "pre_drift_accuracy": 0.99972,
    "post_drift_accuracy": 0.9888,
    "accuracy_drop": -0.01092000000000004
  },
  "retraining_metrics": {
    "total_retrains": 20,
    "budget_used": 20,
    "budget_total": 20,
    "budget_utilization": 1.0,
    "retrains_before_drift": 0,
    "retrains_after_drift": 20,
    "retrain_timestamps": [
      25016,
      25027,
      25038,
      25049,
      25060,
      25071,
      25082,
      25093,
      25104,
      25115,
      25126,
      25137,
      25148,
      25159,
      25170,
      25181,
      25192,
      25203,
      25414,
      25425
    ],
    "retrain_latency_windows": [
      [
        25016,
        25027
      ],
      [
        25027,
        25038
      ],
      [
        25038,
        25049
      ],
      [
        25049,
        25060
      ],
      [
        25060,
        25071
      ],
      [
        25071,
        25082
      ],
      [
        25082,
        25093
      ],
      [
        25093,
        25104
      ],
      [
        25104,
        25115
      ],
      [
        25115,
        25126
      ],
      [
        25126,
        25137
      ],
      [
        25137,
        25148
      ],
      [
        25148,
        25159
      ],
      [
        25159,
        25170
      ],
      [
        25170,
        25181
      ],
      [
        25181,
        25192
      ],
      [
        25192,
        25203
      ],
      [
        25203,
        25214
      ],
      [
        25414,
        25425
      ],
      [
        25425,
        25436
      ]
    ]
  },
  "data_metrics": {
    "predictions_made": 50000,
    "total_samples": 50000
  }
}