{
  "configuration": {
    "drift_type": "recurring",
    "drift_point": 25000,
    "policy_type": "drift_triggered",
    "error_threshold": null,
    "window_size": 500,
    "budget": 10,
    "retrain_latency": 100,
    "deploy_latency": 5,
    "total_samples": 50000,
    "random_seed": 3
  },
  "performance_metrics": {
    "overall_accuracy": 0.9927,
    "pre_drift_accuracy": 0.99972,
    "post_drift_accuracy": 0.98568,
    "accuracy_drop": -0.014040000000000052
  },
  "retraining_metrics": {
    "total_retrains": 10,
    "budget_used": 10,
    "budget_total": 10,
    "budget_utilization": 1.0,
    "retrains_before_drift": 0,
    "retrains_after_drift": 10,
    "retrain_timestamps": [
      25016,
      25121,
      25226,
      25331,
      25436,
      25541,
      30026,
      30451,
      35046,
      40025
    ],
    "retrain_latency_windows": [
      [
        25016,
        25121
      ],
      [
        25121,
        25226
      ],
      [
        25226,
        25331
      ],
      [
        25331,
        25436
      ],
      [
        25436,
        25541
      ],
      [
        25541,
        25646
      ],
      [
        30026,
        30131
      ],
      [
        30451,
        30556
      ],
      [
        35046,
        35151
      ],
      [
        40025,
        40130
      ]
    ]
  },
  "data_metrics": {
    "predictions_made": 50000,
    "total_samples": 50000
  }
}