{
  "configuration": {
    "drift_type": "abrupt",
    "drift_point": 25000,
    "policy_type": "drift_triggered",
    "error_threshold": null,
    "window_size": 500,
    "budget": 10,
    "retrain_latency": 100,
    "deploy_latency": 5,
    "total_samples": 50000,
    "random_seed": 3
  },
  "performance_metrics": {
    "overall_accuracy": 0.99344,
    "pre_drift_accuracy": 0.99976,
    "post_drift_accuracy": 0.98712,
    "accuracy_drop": -0.012639999999999985
  },
  "retraining_metrics": {
    "total_retrains": 9,
    "budget_used": 9,
    "budget_total": 10,
    "budget_utilization": 0.9,
    "retrains_before_drift": 0,
    "retrains_after_drift": 9,
    "retrain_timestamps": [
      25016,
      25121,
      25226,
      25331,
      25436,
      25541,
      27784,
      27916,
      28234
    ],
    "retrain_latency_windows": [
      [
        25016,
        25121
      ],
      [
        25121,
        25226
      ],
      [
        25226,
        25331
      ],
      [
        25331,
        25436
      ],
      [
        25436,
        25541
      ],
      [
        25541,
        25646
      ],
      [
        27784,
        27889
      ],
      [
        27916,
        28021
      ],
      [
        28234,
        28339
      ]
    ]
  },
  "data_metrics": {
    "predictions_made": 50000,
    "total_samples": 50000
  }
}