{
  "configuration": {
    "drift_type": "gradual",
    "drift_point": 25000,
    "policy_type": "periodic",
    "error_threshold": null,
    "window_size": null,
    "budget": 10,
    "retrain_latency": 500,
    "deploy_latency": 20,
    "total_samples": 50000,
    "random_seed": 3
  },
  "performance_metrics": {
    "overall_accuracy": 0.74126,
    "pre_drift_accuracy": 0.76336,
    "post_drift_accuracy": 0.71916,
    "accuracy_drop": -0.04420000000000002
  },
  "retraining_metrics": {
    "total_retrains": 10,
    "budget_used": 10,
    "budget_total": 10,
    "budget_utilization": 1.0,
    "retrains_before_drift": 5,
    "retrains_after_drift": 5,
    "retrain_timestamps": [
      0,
      5000,
      10000,
      15000,
      20000,
      25000,
      30000,
      35000,
      40000,
      45000
    ],
    "retrain_latency_windows": [
      [
        0,
        520
      ],
      [
        5000,
        5520
      ],
      [
        10000,
        10520
      ],
      [
        15000,
        15520
      ],
      [
        20000,
        20520
      ],
      [
        25000,
        25520
      ],
      [
        30000,
        30520
      ],
      [
        35000,
        35520
      ],
      [
        40000,
        40520
      ],
      [
        45000,
        45520
      ]
    ]
  },
  "data_metrics": {
    "predictions_made": 50000,
    "total_samples": 50000
  }
}