{
  "configuration": {
    "drift_type": "recurring",
    "drift_point": 25000,
    "policy_type": "periodic",
    "error_threshold": null,
    "window_size": null,
    "budget": 20,
    "retrain_latency": 100,
    "deploy_latency": 5,
    "total_samples": 50000,
    "random_seed": 2
  },
  "performance_metrics": {
    "overall_accuracy": 0.70856,
    "pre_drift_accuracy": 0.72508,
    "post_drift_accuracy": 0.69204,
    "accuracy_drop": -0.03303999999999996
  },
  "retraining_metrics": {
    "total_retrains": 20,
    "budget_used": 20,
    "budget_total": 20,
    "budget_utilization": 1.0,
    "retrains_before_drift": 10,
    "retrains_after_drift": 10,
    "retrain_timestamps": [
      0,
      2500,
      5000,
      7500,
      10000,
      12500,
      15000,
      17500,
      20000,
      22500,
      25000,
      27500,
      30000,
      32500,
      35000,
      37500,
      40000,
      42500,
      45000,
      47500
    ],
    "retrain_latency_windows": [
      [
        0,
        105
      ],
      [
        2500,
        2605
      ],
      [
        5000,
        5105
      ],
      [
        7500,
        7605
      ],
      [
        10000,
        10105
      ],
      [
        12500,
        12605
      ],
      [
        15000,
        15105
      ],
      [
        17500,
        17605
      ],
      [
        20000,
        20105
      ],
      [
        22500,
        22605
      ],
      [
        25000,
        25105
      ],
      [
        27500,
        27605
      ],
      [
        30000,
        30105
      ],
      [
        32500,
        32605
      ],
      [
        35000,
        35105
      ],
      [
        37500,
        37605
      ],
      [
        40000,
        40105
      ],
      [
        42500,
        42605
      ],
      [
        45000,
        45105
      ],
      [
        47500,
        47605
      ]
    ]
  },
  "data_metrics": {
    "predictions_made": 50000,
    "total_samples": 50000
  }
}