{
  "configuration": {
    "drift_type": "gradual",
    "drift_point": 25000,
    "policy_type": "error_threshold",
    "error_threshold": 0.2,
    "window_size": 200,
    "budget": 20,
    "retrain_latency": 500,
    "deploy_latency": 20,
    "total_samples": 50000,
    "random_seed": 3
  },
  "performance_metrics": {
    "overall_accuracy": 0.96478,
    "pre_drift_accuracy": 0.99584,
    "post_drift_accuracy": 0.93372,
    "accuracy_drop": -0.06211999999999995
  },
  "retraining_metrics": {
    "total_retrains": 10,
    "budget_used": 10,
    "budget_total": 20,
    "budget_utilization": 0.5,
    "retrains_before_drift": 1,
    "retrains_after_drift": 9,
    "retrain_timestamps": [
      199,
      25920,
      26440,
      28342,
      28876,
      29396,
      30173,
      30693,
      31926,
      32842
    ],
    "retrain_latency_windows": [
      [
        199,
        719
      ],
      [
        25920,
        26440
      ],
      [
        26440,
        26960
      ],
      [
        28342,
        28862
      ],
      [
        28876,
        29396
      ],
      [
        29396,
        29916
      ],
      [
        30173,
        30693
      ],
      [
        30693,
        31213
      ],
      [
        31926,
        32446
      ],
      [
        32842,
        33362
      ]
    ]
  },
  "data_metrics": {
    "predictions_made": 50000,
    "total_samples": 50000
  }
}