{
  "configuration": {
    "drift_type": "gradual",
    "drift_point": 25000,
    "policy_type": "error_threshold",
    "error_threshold": 0.2,
    "window_size": 200,
    "budget": 10,
    "retrain_latency": 500,
    "deploy_latency": 20,
    "total_samples": 50000,
    "random_seed": 3
  },
  "performance_metrics": {
    "overall_accuracy": 0.96714,
    "pre_drift_accuracy": 0.99556,
    "post_drift_accuracy": 0.93872,
    "accuracy_drop": -0.05684
  },
  "retraining_metrics": {
    "total_retrains": 10,
    "budget_used": 10,
    "budget_total": 10,
    "budget_utilization": 1.0,
    "retrains_before_drift": 1,
    "retrains_after_drift": 9,
    "retrain_timestamps": [
      199,
      26188,
      26708,
      27228,
      27753,
      28820,
      30265,
      30785,
      31332,
      31852
    ],
    "retrain_latency_windows": [
      [
        199,
        719
      ],
      [
        26188,
        26708
      ],
      [
        26708,
        27228
      ],
      [
        27228,
        27748
      ],
      [
        27753,
        28273
      ],
      [
        28820,
        29340
      ],
      [
        30265,
        30785
      ],
      [
        30785,
        31305
      ],
      [
        31332,
        31852
      ],
      [
        31852,
        32372
      ]
    ]
  },
  "data_metrics": {
    "predictions_made": 50000,
    "total_samples": 50000
  }
}