{
  "configuration": {
    "drift_type": "gradual",
    "drift_point": 25000,
    "policy_type": "error_threshold",
    "error_threshold": 0.2,
    "window_size": 200,
    "budget": 20,
    "retrain_latency": 10,
    "deploy_latency": 1,
    "total_samples": 50000,
    "random_seed": 3
  },
  "performance_metrics": {
    "overall_accuracy": 0.67828,
    "pre_drift_accuracy": 0.98192,
    "post_drift_accuracy": 0.37464,
    "accuracy_drop": -0.60728
  },
  "retraining_metrics": {
    "total_retrains": 20,
    "budget_used": 20,
    "budget_total": 20,
    "budget_utilization": 1.0,
    "retrains_before_drift": 15,
    "retrains_after_drift": 5,
    "retrain_timestamps": [
      199,
      210,
      221,
      232,
      243,
      254,
      265,
      276,
      287,
      298,
      309,
      320,
      2575,
      2586,
      2914,
      25920,
      26229,
      26267,
      26278,
      26289
    ],
    "retrain_latency_windows": [
      [
        199,
        210
      ],
      [
        210,
        221
      ],
      [
        221,
        232
      ],
      [
        232,
        243
      ],
      [
        243,
        254
      ],
      [
        254,
        265
      ],
      [
        265,
        276
      ],
      [
        276,
        287
      ],
      [
        287,
        298
      ],
      [
        298,
        309
      ],
      [
        309,
        320
      ],
      [
        320,
        331
      ],
      [
        2575,
        2586
      ],
      [
        2586,
        2597
      ],
      [
        2914,
        2925
      ],
      [
        25920,
        25931
      ],
      [
        26229,
        26240
      ],
      [
        26267,
        26278
      ],
      [
        26278,
        26289
      ],
      [
        26289,
        26300
      ]
    ]
  },
  "data_metrics": {
    "predictions_made": 50000,
    "total_samples": 50000
  }
}