{
  "configuration": {
    "drift_type": "abrupt",
    "drift_point": 25000,
    "policy_type": "error_threshold",
    "error_threshold": 0.2,
    "window_size": 200,
    "budget": 10,
    "retrain_latency": 500,
    "deploy_latency": 20,
    "total_samples": 50000,
    "random_seed": 2
  },
  "performance_metrics": {
    "overall_accuracy": 0.88492,
    "pre_drift_accuracy": 0.90816,
    "post_drift_accuracy": 0.86168,
    "accuracy_drop": -0.046479999999999966
  },
  "retraining_metrics": {
    "total_retrains": 10,
    "budget_used": 10,
    "budget_total": 10,
    "budget_utilization": 1.0,
    "retrains_before_drift": 10,
    "retrains_after_drift": 0,
    "retrain_timestamps": [
      199,
      2464,
      3079,
      4259,
      4832,
      5486,
      10279,
      17196,
      20502,
      24542
    ],
    "retrain_latency_windows": [
      [
        199,
        719
      ],
      [
        2464,
        2984
      ],
      [
        3079,
        3599
      ],
      [
        4259,
        4779
      ],
      [
        4832,
        5352
      ],
      [
        5486,
        6006
      ],
      [
        10279,
        10799
      ],
      [
        17196,
        17716
      ],
      [
        20502,
        21022
      ],
      [
        24542,
        25062
      ]
    ]
  },
  "data_metrics": {
    "predictions_made": 50000,
    "total_samples": 50000
  }
}