{
  "configuration": {
    "drift_type": "recurring",
    "drift_point": 25000,
    "policy_type": "error_threshold",
    "error_threshold": 0.2,
    "window_size": 200,
    "budget": 20,
    "retrain_latency": 500,
    "deploy_latency": 20,
    "total_samples": 50000,
    "random_seed": 3
  },
  "performance_metrics": {
    "overall_accuracy": 0.95668,
    "pre_drift_accuracy": 0.99504,
    "post_drift_accuracy": 0.91832,
    "accuracy_drop": -0.07672000000000001
  },
  "retraining_metrics": {
    "total_retrains": 12,
    "budget_used": 12,
    "budget_total": 20,
    "budget_utilization": 0.6,
    "retrains_before_drift": 1,
    "retrains_after_drift": 11,
    "retrain_timestamps": [
      199,
      25049,
      25569,
      27817,
      28337,
      30153,
      35179,
      35699,
      40066,
      40586,
      45042,
      45562
    ],
    "retrain_latency_windows": [
      [
        199,
        719
      ],
      [
        25049,
        25569
      ],
      [
        25569,
        26089
      ],
      [
        27817,
        28337
      ],
      [
        28337,
        28857
      ],
      [
        30153,
        30673
      ],
      [
        35179,
        35699
      ],
      [
        35699,
        36219
      ],
      [
        40066,
        40586
      ],
      [
        40586,
        41106
      ],
      [
        45042,
        45562
      ],
      [
        45562,
        46082
      ]
    ]
  },
  "data_metrics": {
    "predictions_made": 50000,
    "total_samples": 50000
  }
}