{
  "configuration": {
    "drift_type": "recurring",
    "drift_point": 25000,
    "policy_type": "error_threshold",
    "error_threshold": 0.2,
    "window_size": 200,
    "budget": 20,
    "retrain_latency": 100,
    "deploy_latency": 5,
    "total_samples": 50000,
    "random_seed": 2
  },
  "performance_metrics": {
    "overall_accuracy": 0.75112,
    "pre_drift_accuracy": 0.85004,
    "post_drift_accuracy": 0.6522,
    "accuracy_drop": -0.19784000000000002
  },
  "retraining_metrics": {
    "total_retrains": 20,
    "budget_used": 20,
    "budget_total": 20,
    "budget_utilization": 1.0,
    "retrains_before_drift": 20,
    "retrains_after_drift": 0,
    "retrain_timestamps": [
      199,
      304,
      462,
      567,
      2465,
      2613,
      3045,
      3152,
      3618,
      3723,
      4263,
      10281,
      10386,
      10491,
      11995,
      12100,
      12205,
      12310,
      13919,
      14024
    ],
    "retrain_latency_windows": [
      [
        199,
        304
      ],
      [
        304,
        409
      ],
      [
        462,
        567
      ],
      [
        567,
        672
      ],
      [
        2465,
        2570
      ],
      [
        2613,
        2718
      ],
      [
        3045,
        3150
      ],
      [
        3152,
        3257
      ],
      [
        3618,
        3723
      ],
      [
        3723,
        3828
      ],
      [
        4263,
        4368
      ],
      [
        10281,
        10386
      ],
      [
        10386,
        10491
      ],
      [
        10491,
        10596
      ],
      [
        11995,
        12100
      ],
      [
        12100,
        12205
      ],
      [
        12205,
        12310
      ],
      [
        12310,
        12415
      ],
      [
        13919,
        14024
      ],
      [
        14024,
        14129
      ]
    ]
  },
  "data_metrics": {
    "predictions_made": 50000,
    "total_samples": 50000
  }
}