{
  "configuration": {
    "drift_type": "abrupt",
    "drift_point": 25000,
    "policy_type": "error_threshold",
    "error_threshold": 0.2,
    "window_size": 200,
    "budget": 20,
    "retrain_latency": 10,
    "deploy_latency": 1,
    "total_samples": 50000,
    "random_seed": 3
  },
  "performance_metrics": {
    "overall_accuracy": 0.9612,
    "pre_drift_accuracy": 0.98216,
    "post_drift_accuracy": 0.94024,
    "accuracy_drop": -0.04192000000000007
  },
  "retraining_metrics": {
    "total_retrains": 20,
    "budget_used": 20,
    "budget_total": 20,
    "budget_utilization": 1.0,
    "retrains_before_drift": 14,
    "retrains_after_drift": 6,
    "retrain_timestamps": [
      199,
      210,
      221,
      232,
      243,
      254,
      265,
      276,
      287,
      298,
      309,
      320,
      518,
      529,
      25057,
      25068,
      25079,
      25090,
      25101,
      25112
    ],
    "retrain_latency_windows": [
      [
        199,
        210
      ],
      [
        210,
        221
      ],
      [
        221,
        232
      ],
      [
        232,
        243
      ],
      [
        243,
        254
      ],
      [
        254,
        265
      ],
      [
        265,
        276
      ],
      [
        276,
        287
      ],
      [
        287,
        298
      ],
      [
        298,
        309
      ],
      [
        309,
        320
      ],
      [
        320,
        331
      ],
      [
        518,
        529
      ],
      [
        529,
        540
      ],
      [
        25057,
        25068
      ],
      [
        25068,
        25079
      ],
      [
        25079,
        25090
      ],
      [
        25090,
        25101
      ],
      [
        25101,
        25112
      ],
      [
        25112,
        25123
      ]
    ]
  },
  "data_metrics": {
    "predictions_made": 50000,
    "total_samples": 50000
  }
}