{
  "configuration": {
    "drift_type": "gradual",
    "drift_point": 25000,
    "policy_type": "error_threshold",
    "error_threshold": 0.2,
    "window_size": 200,
    "budget": 20,
    "retrain_latency": 100,
    "deploy_latency": 5,
    "total_samples": 50000,
    "random_seed": 2
  },
  "performance_metrics": {
    "overall_accuracy": 0.93066,
    "pre_drift_accuracy": 0.92684,
    "post_drift_accuracy": 0.93448,
    "accuracy_drop": 0.00763999999999998
  },
  "retraining_metrics": {
    "total_retrains": 20,
    "budget_used": 20,
    "budget_total": 20,
    "budget_utilization": 1.0,
    "retrains_before_drift": 17,
    "retrains_after_drift": 3,
    "retrain_timestamps": [
      199,
      304,
      409,
      1772,
      3079,
      3186,
      3616,
      3721,
      3826,
      10280,
      10385,
      10490,
      12092,
      17125,
      17230,
      24592,
      24697,
      26380,
      26878,
      31445
    ],
    "retrain_latency_windows": [
      [
        199,
        304
      ],
      [
        304,
        409
      ],
      [
        409,
        514
      ],
      [
        1772,
        1877
      ],
      [
        3079,
        3184
      ],
      [
        3186,
        3291
      ],
      [
        3616,
        3721
      ],
      [
        3721,
        3826
      ],
      [
        3826,
        3931
      ],
      [
        10280,
        10385
      ],
      [
        10385,
        10490
      ],
      [
        10490,
        10595
      ],
      [
        12092,
        12197
      ],
      [
        17125,
        17230
      ],
      [
        17230,
        17335
      ],
      [
        24592,
        24697
      ],
      [
        24697,
        24802
      ],
      [
        26380,
        26485
      ],
      [
        26878,
        26983
      ],
      [
        31445,
        31550
      ]
    ]
  },
  "data_metrics": {
    "predictions_made": 50000,
    "total_samples": 50000
  }
}