{
  "configuration": {
    "drift_type": "gradual",
    "drift_point": 25000,
    "policy_type": "error_threshold",
    "error_threshold": 0.2,
    "window_size": 200,
    "budget": 10,
    "retrain_latency": 100,
    "deploy_latency": 5,
    "total_samples": 50000,
    "random_seed": 3
  },
  "performance_metrics": {
    "overall_accuracy": 0.95316,
    "pre_drift_accuracy": 0.99556,
    "post_drift_accuracy": 0.91076,
    "accuracy_drop": -0.08479999999999999
  },
  "retraining_metrics": {
    "total_retrains": 10,
    "budget_used": 10,
    "budget_total": 10,
    "budget_utilization": 1.0,
    "retrains_before_drift": 2,
    "retrains_after_drift": 8,
    "retrain_timestamps": [
      199,
      304,
      26188,
      26293,
      28320,
      28425,
      29356,
      30332,
      30437,
      49135
    ],
    "retrain_latency_windows": [
      [
        199,
        304
      ],
      [
        304,
        409
      ],
      [
        26188,
        26293
      ],
      [
        26293,
        26398
      ],
      [
        28320,
        28425
      ],
      [
        28425,
        28530
      ],
      [
        29356,
        29461
      ],
      [
        30332,
        30437
      ],
      [
        30437,
        30542
      ],
      [
        49135,
        49240
      ]
    ]
  },
  "data_metrics": {
    "predictions_made": 50000,
    "total_samples": 50000
  }
}