policy_type,drift_type,acc_gain_per_retrain,pre_drift_waste_frac
periodic,abrupt,0.04184478260869566,0.5157894736842106
periodic,gradual,0.041315217391304365,0.5157894736842106
periodic,recurring,0.006934347826086965,0.5157894736842106
error_threshold,abrupt,0.05798291457286428,0.7672514619883041
error_threshold,gradual,0.045200888888888936,0.7437357630979499
error_threshold,recurring,0.02063223880597017,0.6595528455284553
drift_triggered,abrupt,0.03355615615615616,0.2033492822966507
drift_triggered,gradual,0.023595918367346952,0.3146853146853147
drift_triggered,recurring,0.00834300518134717,0.13710879284649774
