policy_type,drift_type,acc_low_latency,acc_high_latency,degradation
periodic,abrupt,0.7100866666666666,0.7012266666666667,0.008859999999999979
periodic,gradual,0.71508,0.7072133333333334,0.007866666666666688
periodic,recurring,0.57548,0.5267066666666667,0.048773333333333335
error_threshold,abrupt,0.4934733333333333,0.7169733333333334,-0.22350000000000003
error_threshold,gradual,0.5014666666666667,0.6986266666666666,-0.1971599999999999
error_threshold,recurring,0.5527333333333334,0.6152066666666667,-0.06247333333333327
drift_triggered,abrupt,0.61078,0.57396,0.036819999999999964
drift_triggered,gradual,0.5378866666666666,0.55138,-0.013493333333333357
drift_triggered,recurring,0.5713933333333333,0.54318,0.028213333333333313
