policy_type,drift_type,acc_low_latency,acc_high_latency,degradation
periodic,abrupt,0.7750066666666666,0.7753466666666667,-0.000340000000000118
periodic,gradual,0.7701733333333334,0.7691,0.0010733333333333706
periodic,recurring,0.7675266666666667,0.7682666666666668,-0.0007400000000000739
error_threshold,abrupt,0.7755266666666666,0.7770266666666666,-0.0015000000000000568
error_threshold,gradual,0.7709466666666667,0.7725733333333333,-0.0016266666666666652
error_threshold,recurring,0.7665133333333334,0.7686533333333333,-0.0021399999999999197
drift_triggered,abrupt,0.7757533333333334,0.778,-0.002246666666666619
drift_triggered,gradual,0.7711733333333334,0.77214,-0.0009666666666666712
drift_triggered,recurring,0.7653266666666667,0.7681266666666667,-0.0028000000000000247
