policy_type,drift_type,acc_gain_per_retrain,pre_drift_waste_frac
periodic,abrupt,-0.0007726666666666659,0.6842105263157895
periodic,gradual,-0.0009293333333333264,0.6842105263157895
periodic,recurring,-0.0005739999999999967,0.6842105263157895
error_threshold,abrupt,-0.0009884892086331715,0.19186046511627905
error_threshold,gradual,-0.0006142857142856149,0.18181818181818182
error_threshold,recurring,-0.0008953846153846398,0.12556053811659193
drift_triggered,abrupt,-0.001096551724137994,0.1212121212121212
drift_triggered,gradual,-0.0016567567567568084,0.13953488372093023
drift_triggered,recurring,-0.0006740331491712977,0.0320855614973262
