{
  "configuration": {
    "drift_type": "gradual",
    "drift_point": 25000,
    "policy_type": "drift_triggered",
    "error_threshold": null,
    "window_size": 500,
    "budget": 10,
    "retrain_latency": 10,
    "deploy_latency": 1,
    "total_samples": 50000,
    "random_seed": 3
  },
  "performance_metrics": {
    "overall_accuracy": 0.74404,
    "pre_drift_accuracy": 0.76148,
    "post_drift_accuracy": 0.7266,
    "accuracy_drop": -0.03488000000000002
  },
  "retraining_metrics": {
    "total_retrains": 10,
    "budget_used": 10,
    "budget_total": 10,
    "budget_utilization": 1.0,
    "retrains_before_drift": 10,
    "retrains_after_drift": 0,
    "retrain_timestamps": [
      11051,
      11062,
      11073,
      11084,
      11095,
      11106,
      11117,
      11128,
      11139,
      11150
    ],
    "retrain_latency_windows": [
      [
        11051,
        11062
      ],
      [
        11062,
        11073
      ],
      [
        11073,
        11084
      ],
      [
        11084,
        11095
      ],
      [
        11095,
        11106
      ],
      [
        11106,
        11117
      ],
      [
        11117,
        11128
      ],
      [
        11128,
        11139
      ],
      [
        11139,
        11150
      ],
      [
        11150,
        11161
      ]
    ]
  },
  "data_metrics": {
    "predictions_made": 50000,
    "total_samples": 50000
  }
}