{
  "configuration": {
    "drift_type": "gradual",
    "drift_point": 25000,
    "policy_type": "drift_triggered",
    "error_threshold": null,
    "window_size": 500,
    "budget": 10,
    "retrain_latency": 100,
    "deploy_latency": 5,
    "total_samples": 50000,
    "random_seed": 3
  },
  "performance_metrics": {
    "overall_accuracy": 0.74114,
    "pre_drift_accuracy": 0.76404,
    "post_drift_accuracy": 0.71824,
    "accuracy_drop": -0.04580000000000006
  },
  "retraining_metrics": {
    "total_retrains": 9,
    "budget_used": 9,
    "budget_total": 10,
    "budget_utilization": 0.9,
    "retrains_before_drift": 3,
    "retrains_after_drift": 6,
    "retrain_timestamps": [
      11051,
      15910,
      21368,
      26939,
      35117,
      35234,
      35506,
      38429,
      46086
    ],
    "retrain_latency_windows": [
      [
        11051,
        11156
      ],
      [
        15910,
        16015
      ],
      [
        21368,
        21473
      ],
      [
        26939,
        27044
      ],
      [
        35117,
        35222
      ],
      [
        35234,
        35339
      ],
      [
        35506,
        35611
      ],
      [
        38429,
        38534
      ],
      [
        46086,
        46191
      ]
    ]
  },
  "data_metrics": {
    "predictions_made": 50000,
    "total_samples": 50000
  }
}