{
  "configuration": {
    "drift_type": "gradual",
    "drift_point": 25000,
    "policy_type": "drift_triggered",
    "error_threshold": null,
    "window_size": 500,
    "budget": 10,
    "retrain_latency": 10,
    "deploy_latency": 1,
    "total_samples": 50000,
    "random_seed": 2
  },
  "performance_metrics": {
    "overall_accuracy": 0.70054,
    "pre_drift_accuracy": 0.71968,
    "post_drift_accuracy": 0.6814,
    "accuracy_drop": -0.03827999999999998
  },
  "retraining_metrics": {
    "total_retrains": 10,
    "budget_used": 10,
    "budget_total": 10,
    "budget_utilization": 1.0,
    "retrains_before_drift": 10,
    "retrains_after_drift": 0,
    "retrain_timestamps": [
      1776,
      16996,
      17033,
      17151,
      17162,
      17253,
      17264,
      17276,
      17287,
      17298
    ],
    "retrain_latency_windows": [
      [
        1776,
        1787
      ],
      [
        16996,
        17007
      ],
      [
        17033,
        17044
      ],
      [
        17151,
        17162
      ],
      [
        17162,
        17173
      ],
      [
        17253,
        17264
      ],
      [
        17264,
        17275
      ],
      [
        17276,
        17287
      ],
      [
        17287,
        17298
      ],
      [
        17298,
        17309
      ]
    ]
  },
  "data_metrics": {
    "predictions_made": 50000,
    "total_samples": 50000
  }
}