{
  "configuration": {
    "drift_type": "gradual",
    "drift_point": 25000,
    "policy_type": "drift_triggered",
    "error_threshold": null,
    "window_size": 500,
    "budget": 20,
    "retrain_latency": 500,
    "deploy_latency": 20,
    "total_samples": 50000,
    "random_seed": 2
  },
  "performance_metrics": {
    "overall_accuracy": 0.69998,
    "pre_drift_accuracy": 0.7216,
    "post_drift_accuracy": 0.67836,
    "accuracy_drop": -0.043240000000000056
  },
  "retraining_metrics": {
    "total_retrains": 13,
    "budget_used": 13,
    "budget_total": 20,
    "budget_utilization": 0.65,
    "retrains_before_drift": 5,
    "retrains_after_drift": 8,
    "retrain_timestamps": [
      1776,
      4615,
      5886,
      17164,
      21851,
      26953,
      30661,
      32563,
      42191,
      44055,
      47808,
      48484,
      49259
    ],
    "retrain_latency_windows": [
      [
        1776,
        2296
      ],
      [
        4615,
        5135
      ],
      [
        5886,
        6406
      ],
      [
        17164,
        17684
      ],
      [
        21851,
        22371
      ],
      [
        26953,
        27473
      ],
      [
        30661,
        31181
      ],
      [
        32563,
        33083
      ],
      [
        42191,
        42711
      ],
      [
        44055,
        44575
      ],
      [
        47808,
        48328
      ],
      [
        48484,
        49004
      ],
      [
        49259,
        49779
      ]
    ]
  },
  "data_metrics": {
    "predictions_made": 50000,
    "total_samples": 50000
  }
}