{
  "configuration": {
    "drift_type": "abrupt",
    "drift_point": 25000,
    "policy_type": "drift_triggered",
    "error_threshold": null,
    "window_size": 500,
    "budget": 20,
    "retrain_latency": 100,
    "deploy_latency": 5,
    "total_samples": 50000,
    "random_seed": 2
  },
  "performance_metrics": {
    "overall_accuracy": 0.69888,
    "pre_drift_accuracy": 0.72168,
    "post_drift_accuracy": 0.67608,
    "accuracy_drop": -0.045599999999999974
  },
  "retraining_metrics": {
    "total_retrains": 20,
    "budget_used": 20,
    "budget_total": 20,
    "budget_utilization": 1.0,
    "retrains_before_drift": 7,
    "retrains_after_drift": 13,
    "retrain_timestamps": [
      1745,
      4618,
      5065,
      5891,
      6338,
      16782,
      18898,
      31274,
      34058,
      41283,
      41560,
      41665,
      45086,
      45513,
      45976,
      46356,
      46461,
      46672,
      46777,
      46886
    ],
    "retrain_latency_windows": [
      [
        1745,
        1850
      ],
      [
        4618,
        4723
      ],
      [
        5065,
        5170
      ],
      [
        5891,
        5996
      ],
      [
        6338,
        6443
      ],
      [
        16782,
        16887
      ],
      [
        18898,
        19003
      ],
      [
        31274,
        31379
      ],
      [
        34058,
        34163
      ],
      [
        41283,
        41388
      ],
      [
        41560,
        41665
      ],
      [
        41665,
        41770
      ],
      [
        45086,
        45191
      ],
      [
        45513,
        45618
      ],
      [
        45976,
        46081
      ],
      [
        46356,
        46461
      ],
      [
        46461,
        46566
      ],
      [
        46672,
        46777
      ],
      [
        46777,
        46882
      ],
      [
        46886,
        46991
      ]
    ]
  },
  "data_metrics": {
    "predictions_made": 50000,
    "total_samples": 50000
  }
}