{
  "configuration": {
    "drift_type": "gradual",
    "drift_point": 25000,
    "policy_type": "drift_triggered",
    "error_threshold": null,
    "window_size": 500,
    "budget": 20,
    "retrain_latency": 100,
    "deploy_latency": 5,
    "total_samples": 50000,
    "random_seed": 1
  },
  "performance_metrics": {
    "overall_accuracy": 0.7253,
    "pre_drift_accuracy": 0.75936,
    "post_drift_accuracy": 0.69124,
    "accuracy_drop": -0.06812000000000007
  },
  "retraining_metrics": {
    "total_retrains": 11,
    "budget_used": 11,
    "budget_total": 20,
    "budget_utilization": 0.55,
    "retrains_before_drift": 5,
    "retrains_after_drift": 6,
    "retrain_timestamps": [
      9321,
      9663,
      9768,
      23954,
      24403,
      26343,
      37865,
      39396,
      39526,
      46393,
      46837
    ],
    "retrain_latency_windows": [
      [
        9321,
        9426
      ],
      [
        9663,
        9768
      ],
      [
        9768,
        9873
      ],
      [
        23954,
        24059
      ],
      [
        24403,
        24508
      ],
      [
        26343,
        26448
      ],
      [
        37865,
        37970
      ],
      [
        39396,
        39501
      ],
      [
        39526,
        39631
      ],
      [
        46393,
        46498
      ],
      [
        46837,
        46942
      ]
    ]
  },
  "data_metrics": {
    "predictions_made": 50000,
    "total_samples": 50000
  }
}