{
  "configuration": {
    "drift_type": "gradual",
    "drift_point": 25000,
    "policy_type": "drift_triggered",
    "error_threshold": null,
    "window_size": 500,
    "budget": 20,
    "retrain_latency": 10,
    "deploy_latency": 1,
    "total_samples": 50000,
    "random_seed": 2
  },
  "performance_metrics": {
    "overall_accuracy": 0.7053,
    "pre_drift_accuracy": 0.72288,
    "post_drift_accuracy": 0.68772,
    "accuracy_drop": -0.03515999999999997
  },
  "retraining_metrics": {
    "total_retrains": 20,
    "budget_used": 20,
    "budget_total": 20,
    "budget_utilization": 1.0,
    "retrains_before_drift": 20,
    "retrains_after_drift": 0,
    "retrain_timestamps": [
      1776,
      2176,
      2187,
      2198,
      2209,
      2220,
      2231,
      2259,
      2363,
      2374,
      2385,
      2659,
      2670,
      2686,
      2712,
      2723,
      4617,
      5054,
      5065,
      14095
    ],
    "retrain_latency_windows": [
      [
        1776,
        1787
      ],
      [
        2176,
        2187
      ],
      [
        2187,
        2198
      ],
      [
        2198,
        2209
      ],
      [
        2209,
        2220
      ],
      [
        2220,
        2231
      ],
      [
        2231,
        2242
      ],
      [
        2259,
        2270
      ],
      [
        2363,
        2374
      ],
      [
        2374,
        2385
      ],
      [
        2385,
        2396
      ],
      [
        2659,
        2670
      ],
      [
        2670,
        2681
      ],
      [
        2686,
        2697
      ],
      [
        2712,
        2723
      ],
      [
        2723,
        2734
      ],
      [
        4617,
        4628
      ],
      [
        5054,
        5065
      ],
      [
        5065,
        5076
      ],
      [
        14095,
        14106
      ]
    ]
  },
  "data_metrics": {
    "predictions_made": 50000,
    "total_samples": 50000
  }
}