{
  "configuration": {
    "drift_type": "abrupt",
    "drift_point": 25000,
    "policy_type": "drift_triggered",
    "error_threshold": null,
    "window_size": 500,
    "budget": 20,
    "retrain_latency": 10,
    "deploy_latency": 1,
    "total_samples": 50000,
    "random_seed": 3
  },
  "performance_metrics": {
    "overall_accuracy": 0.74086,
    "pre_drift_accuracy": 0.76436,
    "post_drift_accuracy": 0.71736,
    "accuracy_drop": -0.04700000000000004
  },
  "retraining_metrics": {
    "total_retrains": 10,
    "budget_used": 10,
    "budget_total": 20,
    "budget_utilization": 0.5,
    "retrains_before_drift": 3,
    "retrains_after_drift": 7,
    "retrain_timestamps": [
      11063,
      22053,
      22907,
      33860,
      35957,
      35968,
      35980,
      42036,
      42047,
      42442
    ],
    "retrain_latency_windows": [
      [
        11063,
        11074
      ],
      [
        22053,
        22064
      ],
      [
        22907,
        22918
      ],
      [
        33860,
        33871
      ],
      [
        35957,
        35968
      ],
      [
        35968,
        35979
      ],
      [
        35980,
        35991
      ],
      [
        42036,
        42047
      ],
      [
        42047,
        42058
      ],
      [
        42442,
        42453
      ]
    ]
  },
  "data_metrics": {
    "predictions_made": 50000,
    "total_samples": 50000
  }
}