{
  "configuration": {
    "drift_type": "gradual",
    "drift_point": 25000,
    "policy_type": "drift_triggered",
    "error_threshold": null,
    "window_size": 500,
    "budget": 20,
    "retrain_latency": 500,
    "deploy_latency": 20,
    "total_samples": 50000,
    "random_seed": 3
  },
  "performance_metrics": {
    "overall_accuracy": 0.74302,
    "pre_drift_accuracy": 0.76512,
    "post_drift_accuracy": 0.72092,
    "accuracy_drop": -0.04420000000000002
  },
  "retraining_metrics": {
    "total_retrains": 10,
    "budget_used": 10,
    "budget_total": 20,
    "budget_utilization": 0.5,
    "retrains_before_drift": 4,
    "retrains_after_drift": 6,
    "retrain_timestamps": [
      11051,
      15908,
      20446,
      21389,
      33467,
      35117,
      36374,
      38003,
      44554,
      46090
    ],
    "retrain_latency_windows": [
      [
        11051,
        11571
      ],
      [
        15908,
        16428
      ],
      [
        20446,
        20966
      ],
      [
        21389,
        21909
      ],
      [
        33467,
        33987
      ],
      [
        35117,
        35637
      ],
      [
        36374,
        36894
      ],
      [
        38003,
        38523
      ],
      [
        44554,
        45074
      ],
      [
        46090,
        46610
      ]
    ]
  },
  "data_metrics": {
    "predictions_made": 50000,
    "total_samples": 50000
  }
}