{
  "configuration": {
    "drift_type": "abrupt",
    "drift_point": 25000,
    "policy_type": "drift_triggered",
    "error_threshold": null,
    "window_size": 500,
    "budget": 20,
    "retrain_latency": 100,
    "deploy_latency": 5,
    "total_samples": 50000,
    "random_seed": 1
  },
  "performance_metrics": {
    "overall_accuracy": 0.72002,
    "pre_drift_accuracy": 0.7586,
    "post_drift_accuracy": 0.68144,
    "accuracy_drop": -0.07716
  },
  "retraining_metrics": {
    "total_retrains": 15,
    "budget_used": 15,
    "budget_total": 20,
    "budget_utilization": 0.75,
    "retrains_before_drift": 9,
    "retrains_after_drift": 6,
    "retrain_timestamps": [
      1328,
      4900,
      10527,
      13151,
      13573,
      15356,
      16666,
      21111,
      21553,
      33003,
      33362,
      36861,
      48366,
      48471,
      48576
    ],
    "retrain_latency_windows": [
      [
        1328,
        1433
      ],
      [
        4900,
        5005
      ],
      [
        10527,
        10632
      ],
      [
        13151,
        13256
      ],
      [
        13573,
        13678
      ],
      [
        15356,
        15461
      ],
      [
        16666,
        16771
      ],
      [
        21111,
        21216
      ],
      [
        21553,
        21658
      ],
      [
        33003,
        33108
      ],
      [
        33362,
        33467
      ],
      [
        36861,
        36966
      ],
      [
        48366,
        48471
      ],
      [
        48471,
        48576
      ],
      [
        48576,
        48681
      ]
    ]
  },
  "data_metrics": {
    "predictions_made": 50000,
    "total_samples": 50000
  }
}