{
  "configuration": {
    "drift_type": "abrupt",
    "drift_point": 25000,
    "policy_type": "drift_triggered",
    "error_threshold": null,
    "window_size": 500,
    "budget": 10,
    "retrain_latency": 100,
    "deploy_latency": 5,
    "total_samples": 50000,
    "random_seed": 3
  },
  "performance_metrics": {
    "overall_accuracy": 0.74094,
    "pre_drift_accuracy": 0.76336,
    "post_drift_accuracy": 0.71852,
    "accuracy_drop": -0.04483999999999999
  },
  "retraining_metrics": {
    "total_retrains": 10,
    "budget_used": 10,
    "budget_total": 10,
    "budget_utilization": 1.0,
    "retrains_before_drift": 4,
    "retrains_after_drift": 6,
    "retrain_timestamps": [
      11063,
      15909,
      19220,
      19666,
      25089,
      28193,
      28301,
      32461,
      33019,
      33859
    ],
    "retrain_latency_windows": [
      [
        11063,
        11168
      ],
      [
        15909,
        16014
      ],
      [
        19220,
        19325
      ],
      [
        19666,
        19771
      ],
      [
        25089,
        25194
      ],
      [
        28193,
        28298
      ],
      [
        28301,
        28406
      ],
      [
        32461,
        32566
      ],
      [
        33019,
        33124
      ],
      [
        33859,
        33964
      ]
    ]
  },
  "data_metrics": {
    "predictions_made": 50000,
    "total_samples": 50000
  }
}