{
  "configuration": {
    "drift_type": "recurring",
    "drift_point": 25000,
    "policy_type": "drift_triggered",
    "error_threshold": null,
    "window_size": 500,
    "budget": 20,
    "retrain_latency": 100,
    "deploy_latency": 5,
    "total_samples": 50000,
    "random_seed": 1
  },
  "performance_metrics": {
    "overall_accuracy": 0.73644,
    "pre_drift_accuracy": 0.75756,
    "post_drift_accuracy": 0.71532,
    "accuracy_drop": -0.042240000000000055
  },
  "retraining_metrics": {
    "total_retrains": 11,
    "budget_used": 11,
    "budget_total": 20,
    "budget_utilization": 0.55,
    "retrains_before_drift": 4,
    "retrains_after_drift": 7,
    "retrain_timestamps": [
      9730,
      10120,
      13558,
      14459,
      25375,
      27249,
      31471,
      31639,
      40277,
      40382,
      44741
    ],
    "retrain_latency_windows": [
      [
        9730,
        9835
      ],
      [
        10120,
        10225
      ],
      [
        13558,
        13663
      ],
      [
        14459,
        14564
      ],
      [
        25375,
        25480
      ],
      [
        27249,
        27354
      ],
      [
        31471,
        31576
      ],
      [
        31639,
        31744
      ],
      [
        40277,
        40382
      ],
      [
        40382,
        40487
      ],
      [
        44741,
        44846
      ]
    ]
  },
  "data_metrics": {
    "predictions_made": 50000,
    "total_samples": 50000
  }
}