{
  "configuration": {
    "drift_type": "recurring",
    "drift_point": 25000,
    "policy_type": "drift_triggered",
    "error_threshold": null,
    "window_size": 500,
    "budget": 20,
    "retrain_latency": 10,
    "deploy_latency": 1,
    "total_samples": 50000,
    "random_seed": 3
  },
  "performance_metrics": {
    "overall_accuracy": 0.7492,
    "pre_drift_accuracy": 0.76284,
    "post_drift_accuracy": 0.73556,
    "accuracy_drop": -0.02727999999999997
  },
  "retraining_metrics": {
    "total_retrains": 10,
    "budget_used": 10,
    "budget_total": 20,
    "budget_utilization": 0.5,
    "retrains_before_drift": 4,
    "retrains_after_drift": 6,
    "retrain_timestamps": [
      17363,
      21375,
      21386,
      21397,
      28478,
      33037,
      35977,
      37621,
      38071,
      38879
    ],
    "retrain_latency_windows": [
      [
        17363,
        17374
      ],
      [
        21375,
        21386
      ],
      [
        21386,
        21397
      ],
      [
        21397,
        21408
      ],
      [
        28478,
        28489
      ],
      [
        33037,
        33048
      ],
      [
        35977,
        35988
      ],
      [
        37621,
        37632
      ],
      [
        38071,
        38082
      ],
      [
        38879,
        38890
      ]
    ]
  },
  "data_metrics": {
    "predictions_made": 50000,
    "total_samples": 50000
  }
}