{
  "configuration": {
    "drift_type": "gradual",
    "drift_point": 25000,
    "policy_type": "drift_triggered",
    "error_threshold": null,
    "window_size": 500,
    "budget": 20,
    "retrain_latency": 10,
    "deploy_latency": 1,
    "total_samples": 50000,
    "random_seed": 1
  },
  "performance_metrics": {
    "overall_accuracy": 0.72858,
    "pre_drift_accuracy": 0.75908,
    "post_drift_accuracy": 0.69808,
    "accuracy_drop": -0.06099999999999994
  },
  "retraining_metrics": {
    "total_retrains": 20,
    "budget_used": 20,
    "budget_total": 20,
    "budget_utilization": 1.0,
    "retrains_before_drift": 20,
    "retrains_after_drift": 0,
    "retrain_timestamps": [
      9321,
      9651,
      9663,
      9674,
      9685,
      9696,
      9707,
      9718,
      9729,
      9740,
      9751,
      9762,
      9773,
      9784,
      9795,
      9806,
      9817,
      9828,
      9839,
      9851
    ],
    "retrain_latency_windows": [
      [
        9321,
        9332
      ],
      [
        9651,
        9662
      ],
      [
        9663,
        9674
      ],
      [
        9674,
        9685
      ],
      [
        9685,
        9696
      ],
      [
        9696,
        9707
      ],
      [
        9707,
        9718
      ],
      [
        9718,
        9729
      ],
      [
        9729,
        9740
      ],
      [
        9740,
        9751
      ],
      [
        9751,
        9762
      ],
      [
        9762,
        9773
      ],
      [
        9773,
        9784
      ],
      [
        9784,
        9795
      ],
      [
        9795,
        9806
      ],
      [
        9806,
        9817
      ],
      [
        9817,
        9828
      ],
      [
        9828,
        9839
      ],
      [
        9839,
        9850
      ],
      [
        9851,
        9862
      ]
    ]
  },
  "data_metrics": {
    "predictions_made": 50000,
    "total_samples": 50000
  }
}