{
  "configuration": {
    "drift_type": "gradual",
    "drift_point": 25000,
    "policy_type": "drift_triggered",
    "error_threshold": null,
    "window_size": 500,
    "budget": 10,
    "retrain_latency": 100,
    "deploy_latency": 5,
    "total_samples": 50000,
    "random_seed": 1
  },
  "performance_metrics": {
    "overall_accuracy": 0.72732,
    "pre_drift_accuracy": 0.7608,
    "post_drift_accuracy": 0.69384,
    "accuracy_drop": -0.06696000000000002
  },
  "retraining_metrics": {
    "total_retrains": 10,
    "budget_used": 10,
    "budget_total": 10,
    "budget_utilization": 1.0,
    "retrains_before_drift": 9,
    "retrains_after_drift": 1,
    "retrain_timestamps": [
      9321,
      9668,
      9773,
      10095,
      11435,
      14980,
      21105,
      21479,
      22487,
      25373
    ],
    "retrain_latency_windows": [
      [
        9321,
        9426
      ],
      [
        9668,
        9773
      ],
      [
        9773,
        9878
      ],
      [
        10095,
        10200
      ],
      [
        11435,
        11540
      ],
      [
        14980,
        15085
      ],
      [
        21105,
        21210
      ],
      [
        21479,
        21584
      ],
      [
        22487,
        22592
      ],
      [
        25373,
        25478
      ]
    ]
  },
  "data_metrics": {
    "predictions_made": 50000,
    "total_samples": 50000
  }
}