{
  "configuration": {
    "drift_type": "recurring",
    "drift_point": 25000,
    "policy_type": "drift_triggered",
    "error_threshold": null,
    "window_size": 500,
    "budget": 20,
    "retrain_latency": 10,
    "deploy_latency": 1,
    "total_samples": 50000,
    "random_seed": 2
  },
  "performance_metrics": {
    "overall_accuracy": 0.7084,
    "pre_drift_accuracy": 0.72048,
    "post_drift_accuracy": 0.69632,
    "accuracy_drop": -0.02415999999999996
  },
  "retraining_metrics": {
    "total_retrains": 20,
    "budget_used": 20,
    "budget_total": 20,
    "budget_utilization": 1.0,
    "retrains_before_drift": 20,
    "retrains_after_drift": 0,
    "retrain_timestamps": [
      1776,
      2371,
      2384,
      4618,
      5067,
      8646,
      9090,
      14016,
      14202,
      14215,
      14291,
      14315,
      14326,
      14728,
      14739,
      14750,
      14761,
      14772,
      14783,
      14837
    ],
    "retrain_latency_windows": [
      [
        1776,
        1787
      ],
      [
        2371,
        2382
      ],
      [
        2384,
        2395
      ],
      [
        4618,
        4629
      ],
      [
        5067,
        5078
      ],
      [
        8646,
        8657
      ],
      [
        9090,
        9101
      ],
      [
        14016,
        14027
      ],
      [
        14202,
        14213
      ],
      [
        14215,
        14226
      ],
      [
        14291,
        14302
      ],
      [
        14315,
        14326
      ],
      [
        14326,
        14337
      ],
      [
        14728,
        14739
      ],
      [
        14739,
        14750
      ],
      [
        14750,
        14761
      ],
      [
        14761,
        14772
      ],
      [
        14772,
        14783
      ],
      [
        14783,
        14794
      ],
      [
        14837,
        14848
      ]
    ]
  },
  "data_metrics": {
    "predictions_made": 50000,
    "total_samples": 50000
  }
}