{
  "configuration": {
    "drift_type": "gradual",
    "drift_point": 25000,
    "policy_type": "drift_triggered",
    "error_threshold": null,
    "window_size": 500,
    "budget": 20,
    "retrain_latency": 10,
    "deploy_latency": 1,
    "total_samples": 50000,
    "random_seed": 3
  },
  "performance_metrics": {
    "overall_accuracy": 0.74002,
    "pre_drift_accuracy": 0.76144,
    "post_drift_accuracy": 0.7186,
    "accuracy_drop": -0.04283999999999999
  },
  "retraining_metrics": {
    "total_retrains": 20,
    "budget_used": 20,
    "budget_total": 20,
    "budget_utilization": 1.0,
    "retrains_before_drift": 16,
    "retrains_after_drift": 4,
    "retrain_timestamps": [
      11051,
      11062,
      11086,
      11125,
      11504,
      24651,
      24662,
      24673,
      24684,
      24695,
      24706,
      24718,
      24729,
      24740,
      24751,
      24766,
      36350,
      38004,
      38015,
      38026
    ],
    "retrain_latency_windows": [
      [
        11051,
        11062
      ],
      [
        11062,
        11073
      ],
      [
        11086,
        11097
      ],
      [
        11125,
        11136
      ],
      [
        11504,
        11515
      ],
      [
        24651,
        24662
      ],
      [
        24662,
        24673
      ],
      [
        24673,
        24684
      ],
      [
        24684,
        24695
      ],
      [
        24695,
        24706
      ],
      [
        24706,
        24717
      ],
      [
        24718,
        24729
      ],
      [
        24729,
        24740
      ],
      [
        24740,
        24751
      ],
      [
        24751,
        24762
      ],
      [
        24766,
        24777
      ],
      [
        36350,
        36361
      ],
      [
        38004,
        38015
      ],
      [
        38015,
        38026
      ],
      [
        38026,
        38037
      ]
    ]
  },
  "data_metrics": {
    "predictions_made": 50000,
    "total_samples": 50000
  }
}