{
  "configuration": {
    "drift_type": "abrupt",
    "drift_point": 25000,
    "policy_type": "drift_triggered",
    "error_threshold": null,
    "window_size": 500,
    "budget": 20,
    "retrain_latency": 10,
    "deploy_latency": 1,
    "total_samples": 50000,
    "random_seed": 1
  },
  "performance_metrics": {
    "overall_accuracy": 0.72436,
    "pre_drift_accuracy": 0.75752,
    "post_drift_accuracy": 0.6912,
    "accuracy_drop": -0.06631999999999993
  },
  "retraining_metrics": {
    "total_retrains": 20,
    "budget_used": 20,
    "budget_total": 20,
    "budget_utilization": 1.0,
    "retrains_before_drift": 20,
    "retrains_after_drift": 0,
    "retrain_timestamps": [
      1328,
      2189,
      6650,
      6661,
      6672,
      6735,
      7011,
      9670,
      9692,
      9703,
      9714,
      9725,
      9736,
      9747,
      9758,
      9769,
      9780,
      9791,
      9802,
      9813
    ],
    "retrain_latency_windows": [
      [
        1328,
        1339
      ],
      [
        2189,
        2200
      ],
      [
        6650,
        6661
      ],
      [
        6661,
        6672
      ],
      [
        6672,
        6683
      ],
      [
        6735,
        6746
      ],
      [
        7011,
        7022
      ],
      [
        9670,
        9681
      ],
      [
        9692,
        9703
      ],
      [
        9703,
        9714
      ],
      [
        9714,
        9725
      ],
      [
        9725,
        9736
      ],
      [
        9736,
        9747
      ],
      [
        9747,
        9758
      ],
      [
        9758,
        9769
      ],
      [
        9769,
        9780
      ],
      [
        9780,
        9791
      ],
      [
        9791,
        9802
      ],
      [
        9802,
        9813
      ],
      [
        9813,
        9824
      ]
    ]
  },
  "data_metrics": {
    "predictions_made": 50000,
    "total_samples": 50000
  }
}