{
  "configuration": {
    "drift_type": "abrupt",
    "drift_point": 25000,
    "policy_type": "drift_triggered",
    "error_threshold": null,
    "window_size": 500,
    "budget": 10,
    "retrain_latency": 10,
    "deploy_latency": 1,
    "total_samples": 50000,
    "random_seed": 3
  },
  "performance_metrics": {
    "overall_accuracy": 0.74158,
    "pre_drift_accuracy": 0.762,
    "post_drift_accuracy": 0.72116,
    "accuracy_drop": -0.04083999999999999
  },
  "retraining_metrics": {
    "total_retrains": 10,
    "budget_used": 10,
    "budget_total": 10,
    "budget_utilization": 1.0,
    "retrains_before_drift": 10,
    "retrains_after_drift": 0,
    "retrain_timestamps": [
      11063,
      15909,
      15920,
      15931,
      15942,
      15953,
      15964,
      15975,
      15986,
      15997
    ],
    "retrain_latency_windows": [
      [
        11063,
        11074
      ],
      [
        15909,
        15920
      ],
      [
        15920,
        15931
      ],
      [
        15931,
        15942
      ],
      [
        15942,
        15953
      ],
      [
        15953,
        15964
      ],
      [
        15964,
        15975
      ],
      [
        15975,
        15986
      ],
      [
        15986,
        15997
      ],
      [
        15997,
        16008
      ]
    ]
  },
  "data_metrics": {
    "predictions_made": 50000,
    "total_samples": 50000
  }
}