{
  "configuration": {
    "drift_type": "abrupt",
    "drift_point": 25000,
    "policy_type": "drift_triggered",
    "error_threshold": null,
    "window_size": 500,
    "budget": 20,
    "retrain_latency": 100,
    "deploy_latency": 5,
    "total_samples": 50000,
    "random_seed": 3
  },
  "performance_metrics": {
    "overall_accuracy": 0.74066,
    "pre_drift_accuracy": 0.76236,
    "post_drift_accuracy": 0.71896,
    "accuracy_drop": -0.043399999999999994
  },
  "retraining_metrics": {
    "total_retrains": 10,
    "budget_used": 10,
    "budget_total": 20,
    "budget_utilization": 0.5,
    "retrains_before_drift": 4,
    "retrains_after_drift": 6,
    "retrain_timestamps": [
      11063,
      15908,
      19213,
      22891,
      30977,
      32618,
      33052,
      33861,
      37338,
      42042
    ],
    "retrain_latency_windows": [
      [
        11063,
        11168
      ],
      [
        15908,
        16013
      ],
      [
        19213,
        19318
      ],
      [
        22891,
        22996
      ],
      [
        30977,
        31082
      ],
      [
        32618,
        32723
      ],
      [
        33052,
        33157
      ],
      [
        33861,
        33966
      ],
      [
        37338,
        37443
      ],
      [
        42042,
        42147
      ]
    ]
  },
  "data_metrics": {
    "predictions_made": 50000,
    "total_samples": 50000
  }
}