{
  "configuration": {
    "drift_type": "recurring",
    "drift_point": 25000,
    "policy_type": "drift_triggered",
    "error_threshold": null,
    "window_size": 500,
    "budget": 10,
    "retrain_latency": 100,
    "deploy_latency": 5,
    "total_samples": 50000,
    "random_seed": 2
  },
  "performance_metrics": {
    "overall_accuracy": 0.70776,
    "pre_drift_accuracy": 0.72316,
    "post_drift_accuracy": 0.69236,
    "accuracy_drop": -0.03080000000000005
  },
  "retraining_metrics": {
    "total_retrains": 10,
    "budget_used": 10,
    "budget_total": 10,
    "budget_utilization": 1.0,
    "retrains_before_drift": 5,
    "retrains_after_drift": 5,
    "retrain_timestamps": [
      1776,
      4618,
      5020,
      7411,
      10146,
      29934,
      30039,
      30240,
      30472,
      31775
    ],
    "retrain_latency_windows": [
      [
        1776,
        1881
      ],
      [
        4618,
        4723
      ],
      [
        5020,
        5125
      ],
      [
        7411,
        7516
      ],
      [
        10146,
        10251
      ],
      [
        29934,
        30039
      ],
      [
        30039,
        30144
      ],
      [
        30240,
        30345
      ],
      [
        30472,
        30577
      ],
      [
        31775,
        31880
      ]
    ]
  },
  "data_metrics": {
    "predictions_made": 50000,
    "total_samples": 50000
  }
}