{
  "configuration": {
    "drift_type": "abrupt",
    "drift_point": 25000,
    "policy_type": "drift_triggered",
    "error_threshold": null,
    "window_size": 500,
    "budget": 20,
    "retrain_latency": 500,
    "deploy_latency": 20,
    "total_samples": 50000,
    "random_seed": 1
  },
  "performance_metrics": {
    "overall_accuracy": 0.72038,
    "pre_drift_accuracy": 0.75744,
    "post_drift_accuracy": 0.68332,
    "accuracy_drop": -0.07411999999999996
  },
  "retraining_metrics": {
    "total_retrains": 9,
    "budget_used": 9,
    "budget_total": 20,
    "budget_utilization": 0.45,
    "retrains_before_drift": 5,
    "retrains_after_drift": 4,
    "retrain_timestamps": [
      1328,
      6671,
      13129,
      15053,
      21108,
      26824,
      38376,
      43895,
      49038
    ],
    "retrain_latency_windows": [
      [
        1328,
        1848
      ],
      [
        6671,
        7191
      ],
      [
        13129,
        13649
      ],
      [
        15053,
        15573
      ],
      [
        21108,
        21628
      ],
      [
        26824,
        27344
      ],
      [
        38376,
        38896
      ],
      [
        43895,
        44415
      ],
      [
        49038,
        49558
      ]
    ]
  },
  "data_metrics": {
    "predictions_made": 50000,
    "total_samples": 50000
  }
}