{
  "configuration": {
    "drift_type": "recurring",
    "drift_point": 25000,
    "policy_type": "periodic",
    "error_threshold": null,
    "window_size": null,
    "budget": 10,
    "retrain_latency": 100,
    "deploy_latency": 5,
    "total_samples": 50000,
    "random_seed": 1
  },
  "performance_metrics": {
    "overall_accuracy": 0.97804,
    "pre_drift_accuracy": 0.99984,
    "post_drift_accuracy": 0.95624,
    "accuracy_drop": -0.04359999999999997
  },
  "retraining_metrics": {
    "total_retrains": 10,
    "budget_used": 10,
    "budget_total": 10,
    "budget_utilization": 1.0,
    "retrains_before_drift": 5,
    "retrains_after_drift": 5,
    "retrain_timestamps": [
      0,
      5000,
      10000,
      15000,
      20000,
      25000,
      30000,
      35000,
      40000,
      45000
    ],
    "retrain_latency_windows": [
      [
        0,
        105
      ],
      [
        5000,
        5105
      ],
      [
        10000,
        10105
      ],
      [
        15000,
        15105
      ],
      [
        20000,
        20105
      ],
      [
        25000,
        25105
      ],
      [
        30000,
        30105
      ],
      [
        35000,
        35105
      ],
      [
        40000,
        40105
      ],
      [
        45000,
        45105
      ]
    ]
  },
  "data_metrics": {
    "predictions_made": 50000,
    "total_samples": 50000
  }
}